outcome,fold_id,model_label,threshold,n_components,retained_variance,train_n,test_n,train_positive_prevalence,test_positive_prevalence,TP,FP,TN,FN,recall_sensitivity,specificity,precision_ppv,npv,balanced_accuracy,f1_positive,accuracy,roc_auc,pr_auc_average_precision,positive_support,negative_support,support,selected_ccp_alpha,class_weight_positive,epochs_ran,positive_class_weight
victimization,1,pruned_decision_tree_inner_alpha,0.5,18,0.9506005537924767,3013,754,0.49419183538001993,0.493368700265252,241,139,243,131,0.6478494623655914,0.6361256544502618,0.6342105263157894,0.6497326203208557,0.6419875584079267,0.6409574468085106,0.6419098143236074,0.6974469402690987,0.6660793294760256,372,382,754,0.00211729673356393,,,
victimization,2,pruned_decision_tree_inner_alpha,0.5,19,0.9631736328774756,3013,754,0.4938599402588782,0.4946949602122016,269,180,201,104,0.7211796246648794,0.5275590551181102,0.5991091314031181,0.659016393442623,0.6243693398914948,0.6545012165450121,0.623342175066313,0.6764159506871292,0.6463383070002302,373,381,754,0.003085329800961679,,,
victimization,3,pruned_decision_tree_inner_alpha,0.5,18,0.9509274861715112,3014,753,0.4940278699402787,0.4940239043824701,244,130,251,128,0.6559139784946236,0.6587926509186351,0.6524064171122995,0.662269129287599,0.6573533147066294,0.6541554959785523,0.6573705179282868,0.7022937656986425,0.6762324133729646,372,381,753,0.0022518597057616086,,,
victimization,4,pruned_decision_tree_inner_alpha,0.5,18,0.9506455182332728,3014,753,0.4940278699402787,0.4940239043824701,232,131,250,140,0.6236559139784946,0.6561679790026247,0.6391184573002755,0.6410256410256411,0.6399119464905596,0.6312925170068027,0.6401062416998672,0.6900241300482601,0.6524431752300296,372,381,753,0.004881510367333752,,,
victimization,5,pruned_decision_tree_inner_alpha,0.5,18,0.9504983814841542,3014,753,0.4940278699402787,0.4940239043824701,257,188,193,115,0.6908602150537635,0.5065616797900262,0.5775280898876405,0.6266233766233766,0.5987109474218948,0.6291309669522644,0.5976095617529881,0.6426107018880705,0.6355478287835498,372,381,753,0.0029374639489055795,,,
victimization,6,pruned_decision_tree_inner_alpha,0.5,18,0.9508783309323343,3013,754,0.49419183538001993,0.493368700265252,207,142,240,165,0.5564516129032258,0.6282722513089005,0.5931232091690545,0.5925925925925926,0.5923619321060631,0.5742024965325936,0.5928381962864722,0.5999619996622192,0.5753877857524775,372,382,754,0.0006999213139616675,,,
victimization,7,pruned_decision_tree_inner_alpha,0.5,18,0.9503595579006796,3013,754,0.4938599402588782,0.4946949602122016,214,125,256,159,0.5737265415549598,0.6719160104986877,0.6312684365781711,0.6168674698795181,0.6228212760268237,0.601123595505618,0.623342175066313,0.6652171159570202,0.6352516925947412,373,381,754,0.001654694206746383,,,
victimization,8,pruned_decision_tree_inner_alpha,0.5,18,0.9506314820868385,3014,753,0.4940278699402787,0.4940239043824701,196,123,258,176,0.5268817204301075,0.6771653543307087,0.6144200626959248,0.5944700460829493,0.6020235373804081,0.5672937771345875,0.602921646746348,0.6453412073490813,0.6273482066927605,372,381,753,0.0015783418191603418,,,
victimization,9,pruned_decision_tree_inner_alpha,0.5,18,0.9505457998495063,3014,753,0.4940278699402787,0.4940239043824701,228,121,260,144,0.6129032258064516,0.6824146981627297,0.6532951289398281,0.6435643564356436,0.6476589619845907,0.6324549237170597,0.648074369189907,0.7011578189823047,0.676886001522758,372,381,753,0.0013102935276473006,,,
victimization,10,pruned_decision_tree_inner_alpha,0.5,19,0.9633709836305393,3014,753,0.4940278699402787,0.4940239043824701,208,127,254,164,0.5591397849462365,0.6666666666666666,0.6208955223880597,0.6076555023923444,0.6129032258064515,0.5884016973125884,0.6135458167330677,0.6344826856320379,0.6099272196731995,372,381,753,0.0021360330818129022,,,
victimization,11,pruned_decision_tree_inner_alpha,0.5,18,0.950634335992483,3013,754,0.49419183538001993,0.493368700265252,213,100,282,159,0.5725806451612904,0.7382198952879581,0.6805111821086262,0.6394557823129252,0.6554002702246242,0.621897810218978,0.656498673740053,0.7072425828970331,0.6947240013475389,372,382,754,0.003280914229168379,,,
victimization,12,pruned_decision_tree_inner_alpha,0.5,18,0.9507208067953841,3013,754,0.4938599402588782,0.4946949602122016,227,143,238,146,0.6085790884718498,0.6246719160104987,0.6135135135135135,0.6197916666666666,0.6166255022411742,0.611036339165545,0.616710875331565,0.671356596511227,0.6453002548870562,373,381,754,0.002691704678524299,,,
victimization,13,pruned_decision_tree_inner_alpha,0.5,18,0.9505570409451543,3014,753,0.4940278699402787,0.4940239043824701,239,141,240,133,0.6424731182795699,0.6299212598425197,0.6289473684210526,0.6434316353887399,0.6361971890610447,0.6356382978723404,0.6361221779548473,0.6640137724719892,0.623497964504557,372,381,753,0.001315813776664977,,,
victimization,14,pruned_decision_tree_inner_alpha,0.5,18,0.9503530481415882,3014,753,0.4940278699402787,0.4940239043824701,212,103,278,160,0.5698924731182796,0.7296587926509186,0.6730158730158731,0.634703196347032,0.6497756328845992,0.6171761280931586,0.650730411686587,0.7003464284706348,0.6725512773590373,372,381,753,0.003069058159624846,,,
victimization,15,pruned_decision_tree_inner_alpha,0.5,18,0.9502199422764417,3014,753,0.4940278699402787,0.4940239043824701,129,53,328,243,0.3467741935483871,0.8608923884514436,0.7087912087912088,0.574430823117338,0.6038332909999153,0.4657039711191336,0.6069057104913679,0.6435561482234076,0.5970242291388846,372,381,753,0.005291606868578894,,,
victimization,16,pruned_decision_tree_inner_alpha,0.5,18,0.9509412419922428,3013,754,0.49419183538001993,0.493368700265252,111,47,335,261,0.29838709677419356,0.8769633507853403,0.7025316455696202,0.5620805369127517,0.5876752237797669,0.4188679245283019,0.5915119363395226,0.6412064403535439,0.626053302066021,372,382,754,0.006366820392757112,,,
victimization,17,pruned_decision_tree_inner_alpha,0.5,18,0.9505860344808201,3013,754,0.4938599402588782,0.4946949602122016,228,134,247,145,0.6112600536193029,0.6482939632545932,0.6298342541436464,0.6301020408163265,0.6297770084369481,0.6204081632653061,0.629973474801061,0.6879736547676849,0.6733125842847796,373,381,754,0.001678350687458114,,,
victimization,18,pruned_decision_tree_inner_alpha,0.5,18,0.9502120256804306,3014,753,0.4940278699402787,0.4940239043824701,219,135,246,153,0.5887096774193549,0.6456692913385826,0.6186440677966102,0.6165413533834586,0.6171894843789687,0.6033057851239669,0.6175298804780877,0.6750910168487004,0.6180840156237732,372,381,753,0.0013490078611279042,,,
victimization,19,pruned_decision_tree_inner_alpha,0.5,18,0.9505371904198827,3014,753,0.4940278699402787,0.4940239043824701,278,167,214,94,0.7473118279569892,0.5616797900262467,0.6247191011235955,0.6948051948051948,0.654495808991618,0.6805385556915544,0.6533864541832669,0.6975877007309569,0.6721982954619734,372,381,753,0.0027354742352965096,,,
victimization,20,pruned_decision_tree_inner_alpha,0.5,18,0.9500484757450265,3014,753,0.4940278699402787,0.4940239043824701,227,154,227,145,0.6102150537634409,0.5958005249343832,0.5958005249343832,0.6102150537634409,0.6030077893489121,0.602921646746348,0.602921646746348,0.5958075805040499,0.5559923854880124,372,381,753,0.0009021217174324951,,,
victimization,21,pruned_decision_tree_inner_alpha,0.5,18,0.9506358692884502,3013,754,0.49419183538001993,0.493368700265252,254,153,229,118,0.6827956989247311,0.599476439790576,0.6240786240786241,0.659942363112392,0.6411360693576535,0.6521181001283697,0.6405835543766578,0.6837457073692506,0.6385653668786889,372,382,754,0.004479056566476577,,,
victimization,22,pruned_decision_tree_inner_alpha,0.5,18,0.9510684484800797,3013,754,0.4938599402588782,0.4946949602122016,223,138,243,150,0.5978552278820375,0.6377952755905512,0.6177285318559557,0.6183206106870229,0.6178252517362943,0.6076294277929156,0.6180371352785146,0.6487935656836461,0.6296364579928658,373,381,754,0.0013130642079937453,,,
victimization,23,pruned_decision_tree_inner_alpha,0.5,18,0.9501711356653691,3014,753,0.4940278699402787,0.4940239043824701,243,154,227,129,0.6532258064516129,0.5958005249343832,0.6120906801007556,0.6376404494382022,0.6245131656929981,0.6319895968790636,0.6241699867197875,0.6944620833686113,0.6719381947677062,372,381,753,0.0030057824478191904,,,
victimization,24,pruned_decision_tree_inner_alpha,0.5,18,0.9502603757525141,3014,753,0.4940278699402787,0.4940239043824701,272,147,234,100,0.7311827956989247,0.6141732283464567,0.649164677804296,0.7005988023952096,0.6726780120226907,0.6877370417193427,0.6719787516600265,0.6968398103462873,0.6541809171572411,372,381,753,0.004532351069701203,,,
victimization,25,pruned_decision_tree_inner_alpha,0.5,18,0.9502234438602528,3014,753,0.4940278699402787,0.4940239043824701,243,172,209,129,0.6532258064516129,0.5485564304461942,0.5855421686746988,0.6183431952662722,0.6008911184489035,0.6175349428208387,0.600265604249668,0.6410126153585642,0.6201342514613362,372,381,753,0.0031340195143168396,,,
perpetration,1,compact_dnn_class_weighted,0.5,18,0.9507782148350868,3013,754,0.23498174576833722,0.23474801061007958,126,179,398,51,0.711864406779661,0.6897746967071057,0.4131147540983607,0.8864142538975501,0.7008195517433833,0.5228215767634854,0.6949602122015915,0.7415621419968863,0.4755573304120612,177,577,754,,3.255649717514124,21.0,
perpetration,2,compact_dnn_class_weighted,0.5,18,0.9502477608428821,3013,754,0.23498174576833722,0.23474801061007958,120,398,179,57,0.6779661016949152,0.31022530329289427,0.23166023166023167,0.7584745762711864,0.4940957024939048,0.34532374100719426,0.39655172413793105,0.5154265683596235,0.2726315378190625,177,577,754,,3.255649717514124,13.0,
perpetration,3,compact_dnn_class_weighted,0.5,18,0.9503988282105147,3014,753,0.23490378234903783,0.2350597609561753,100,222,354,77,0.5649717514124294,0.6145833333333334,0.3105590062111801,0.8213457076566125,0.5897775423728814,0.4008016032064127,0.602921646746348,0.6252157878217202,0.34542083700235965,177,576,753,,3.2570621468926553,13.0,
perpetration,4,compact_dnn_class_weighted,0.5,18,0.9505127004888838,3014,753,0.23490378234903783,0.2350597609561753,101,184,392,76,0.5706214689265536,0.6805555555555556,0.3543859649122807,0.8376068376068376,0.6255885122410546,0.43722943722943725,0.6547144754316069,0.6780641870684244,0.42047658021054857,177,576,753,,3.2570621468926553,17.0,
perpetration,5,compact_dnn_class_weighted,0.5,18,0.9503471327824723,3014,753,0.23490378234903783,0.2350597609561753,90,162,414,87,0.5084745762711864,0.71875,0.35714285714285715,0.8263473053892215,0.6136122881355932,0.4195804195804196,0.6693227091633466,0.6756316698053986,0.4341776144465775,177,576,753,,3.2570621468926553,15.0,
perpetration,6,compact_dnn_class_weighted,0.5,18,0.9500105073471938,3013,754,0.23498174576833722,0.23474801061007958,106,212,365,71,0.5988700564971752,0.6325823223570191,0.3333333333333333,0.8371559633027523,0.6157261894270971,0.4282828282828283,0.6246684350132626,0.6806196085343047,0.3871483629090613,177,577,754,,3.255649717514124,17.0,
perpetration,7,compact_dnn_class_weighted,0.5,18,0.9505815464805709,3013,754,0.23498174576833722,0.23474801061007958,97,211,366,80,0.5480225988700564,0.634315424610052,0.31493506493506496,0.820627802690583,0.5911690117400542,0.4,0.6140583554376657,0.6318087908429535,0.3448903187682654,177,577,754,,3.255649717514124,13.0,
perpetration,8,compact_dnn_class_weighted,0.5,18,0.9511379474084707,3014,753,0.23490378234903783,0.2350597609561753,100,297,279,77,0.5649717514124294,0.484375,0.2518891687657431,0.7837078651685393,0.5246733757062148,0.34843205574912894,0.5033200531208499,0.5429123509102323,0.28565759748491587,177,576,753,,3.2570621468926553,13.0,
perpetration,9,compact_dnn_class_weighted,0.5,18,0.950570288475814,3014,753,0.23490378234903783,0.2350597609561753,113,182,394,64,0.6384180790960452,0.6840277777777778,0.38305084745762713,0.8602620087336245,0.6612229284369116,0.47881355932203395,0.6733067729083665,0.7088237602008789,0.44091842319124824,177,576,753,,3.2570621468926553,18.0,
perpetration,10,compact_dnn_class_weighted,0.5,18,0.9502479106622018,3014,753,0.23490378234903783,0.2350597609561753,132,333,243,45,0.7457627118644068,0.421875,0.2838709677419355,0.84375,0.5838188559322034,0.411214953271028,0.49800796812749004,0.6484424042686755,0.37382981322655684,177,576,753,,3.2570621468926553,13.0,
perpetration,11,compact_dnn_class_weighted,0.5,18,0.9511337168881198,3013,754,0.23498174576833722,0.23474801061007958,120,212,365,57,0.6779661016949152,0.6325823223570191,0.3614457831325301,0.8649289099526066,0.6552742120259671,0.4715127701375245,0.6432360742705571,0.7255040194264116,0.48258317105253135,177,577,754,,3.255649717514124,28.0,
perpetration,12,compact_dnn_class_weighted,0.5,18,0.9500013500180994,3013,754,0.23498174576833722,0.23474801061007958,131,300,277,46,0.7401129943502824,0.4800693240901213,0.3039443155452436,0.8575851393188855,0.6100911592202019,0.43092105263157887,0.5411140583554377,0.6552937951022727,0.3637917661882738,177,577,754,,3.255649717514124,13.0,
perpetration,13,compact_dnn_class_weighted,0.5,18,0.9505863045608254,3014,753,0.23490378234903783,0.2350597609561753,102,281,295,75,0.576271186440678,0.5121527777777778,0.26631853785900783,0.7972972972972973,0.5442119821092279,0.36428571428571427,0.5272244355909694,0.5893361581920904,0.30588508485070404,177,576,753,,3.2570621468926553,14.0,
perpetration,14,compact_dnn_class_weighted,0.5,19,0.9634504304141853,3014,753,0.23490378234903783,0.2350597609561753,105,210,366,72,0.5932203389830508,0.6354166666666666,0.3333333333333333,0.8356164383561644,0.6143185028248588,0.4268292682926829,0.6254980079681275,0.6645185969868174,0.40123519629103255,177,576,753,,3.2570621468926553,20.0,
perpetration,15,compact_dnn_class_weighted,0.5,18,0.9508083291855731,3014,753,0.23490378234903783,0.2350597609561753,109,187,389,68,0.615819209039548,0.6753472222222222,0.36824324324324326,0.8512035010940919,0.6455832156308852,0.4608879492600423,0.6613545816733067,0.7054888575015693,0.43327341891133747,177,576,753,,3.2570621468926553,19.0,
perpetration,16,compact_dnn_class_weighted,0.5,18,0.9508168568674029,3013,754,0.23498174576833722,0.23474801061007958,119,323,254,58,0.672316384180791,0.44020797227036396,0.2692307692307692,0.8141025641025641,0.5562621782255774,0.38449111470113084,0.4946949602122016,0.568232333617288,0.3010851713714324,177,577,754,,3.255649717514124,13.0,
perpetration,17,compact_dnn_class_weighted,0.5,18,0.9507295321761438,3013,754,0.23498174576833722,0.23474801061007958,104,271,306,73,0.5875706214689266,0.5303292894280762,0.2773333333333333,0.8073878627968337,0.5589499554485013,0.37681159420289856,0.5437665782493368,0.5872768753243447,0.32674688768170346,177,577,754,,3.255649717514124,13.0,
perpetration,18,compact_dnn_class_weighted,0.5,19,0.9632335182333484,3014,753,0.23490378234903783,0.2350597609561753,114,165,411,63,0.6440677966101694,0.7135416666666666,0.40860215053763443,0.8670886075949367,0.678804731638418,0.5,0.6972111553784861,0.7373077526679221,0.47449607617313494,177,576,753,,3.2570621468926553,23.0,
perpetration,19,compact_dnn_class_weighted,0.5,18,0.9505969255666022,3014,753,0.23490378234903783,0.2350597609561753,107,201,375,70,0.6045197740112994,0.6510416666666666,0.3474025974025974,0.8426966292134831,0.627780720338983,0.44123711340206184,0.6401062416998672,0.6789469554300063,0.4053044694703776,177,576,753,,3.2570621468926553,17.0,
perpetration,20,compact_dnn_class_weighted,0.5,18,0.950583254869115,3014,753,0.23490378234903783,0.2350597609561753,140,400,176,37,0.7909604519774012,0.3055555555555556,0.25925925925925924,0.8262910798122066,0.5482580037664784,0.3905160390516039,0.4196547144754316,0.6199780288763339,0.3604954879122144,177,576,753,,3.2570621468926553,13.0,
perpetration,21,compact_dnn_class_weighted,0.5,18,0.9503824827318139,3013,754,0.23498174576833722,0.23474801061007958,109,243,334,68,0.615819209039548,0.5788561525129983,0.3096590909090909,0.8308457711442786,0.5973376807762731,0.4120982986767486,0.5875331564986738,0.6381145414133106,0.3541477543489521,177,577,754,,3.255649717514124,14.0,
perpetration,22,compact_dnn_class_weighted,0.5,18,0.950669900139886,3013,754,0.23498174576833722,0.23474801061007958,120,268,309,57,0.6779661016949152,0.5355285961871751,0.30927835051546393,0.8442622950819673,0.6067473489410451,0.4247787610619469,0.5689655172413793,0.6591859315179822,0.39299448429594297,177,577,754,,3.255649717514124,15.0,
perpetration,23,compact_dnn_class_weighted,0.5,18,0.9507148909503991,3014,753,0.23490378234903783,0.2350597609561753,117,221,355,60,0.6610169491525424,0.6163194444444444,0.34615384615384615,0.8554216867469879,0.6386681967984934,0.4543689320388349,0.6268260292164675,0.6875392341494038,0.3847037803652831,177,576,753,,3.2570621468926553,19.0,
perpetration,24,compact_dnn_class_weighted,0.5,18,0.9504134292337403,3014,753,0.23490378234903783,0.2350597609561753,101,203,373,76,0.5706214689265536,0.6475694444444444,0.33223684210526316,0.8307349665924276,0.609095456685499,0.4199584199584199,0.6294820717131474,0.6544059949780289,0.40484865263939146,177,576,753,,3.2570621468926553,15.0,
perpetration,25,compact_dnn_class_weighted,0.5,18,0.9500972309271497,3014,753,0.23490378234903783,0.2350597609561753,122,307,269,55,0.6892655367231638,0.4670138888888889,0.28438228438228436,0.8302469135802469,0.5781397128060264,0.4026402640264026,0.5192563081009296,0.6294138418079096,0.32456289622008017,177,576,753,,3.2570621468926553,13.0,
overlap,1,weighted_logistic_regression_SW_pos1.5,0.5,18,0.9509856521776443,3013,754,0.18918021905077995,0.1896551724137931,111,289,322,32,0.7762237762237763,0.5270049099836334,0.2775,0.9096045197740112,0.6516143431037048,0.4088397790055249,0.5742705570291777,0.7430556350359951,0.4133988148841242,143,611,754,,,,6.428947368421053
overlap,2,weighted_logistic_regression_SW_pos1.5,0.5,18,0.9506051195189298,3013,754,0.18918021905077995,0.1896551724137931,108,276,335,35,0.7552447552447552,0.5482815057283142,0.28125,0.9054054054054054,0.6517631304865348,0.4098671726755218,0.5875331564986738,0.7461343893422453,0.4032461614966476,143,611,754,,,,6.428947368421053
overlap,3,weighted_logistic_regression_SW_pos1.5,0.5,18,0.9500885821853765,3014,753,0.18944923689449236,0.18857901726427623,117,275,336,25,0.823943661971831,0.5499181669394435,0.29846938775510207,0.9307479224376731,0.6869309144556373,0.43820224719101125,0.601593625498008,0.7586731518406677,0.43193139976227485,142,611,753,,,,6.41768826619965
overlap,4,weighted_logistic_regression_SW_pos1.5,0.5,18,0.9502969405578173,3014,753,0.18944923689449236,0.18857901726427623,108,272,339,34,0.7605633802816901,0.5548281505728314,0.28421052631578947,0.9088471849865952,0.6576957654272608,0.41379310344827586,0.5936254980079682,0.7423756944284363,0.4384913738526359,142,611,753,,,,6.41768826619965
overlap,5,weighted_logistic_regression_SW_pos1.5,0.5,18,0.9504351115605704,3014,753,0.18911745189117452,0.1899070385126162,117,280,330,26,0.8181818181818182,0.5409836065573771,0.2947103274559194,0.9269662921348315,0.6795827123695977,0.4333333333333334,0.5936254980079682,0.7435515304367764,0.41620953937770255,143,610,753,,,,6.431578947368421
overlap,6,weighted_logistic_regression_SW_pos1.5,0.5,18,0.9504075902756014,3013,754,0.18918021905077995,0.1896551724137931,112,272,339,31,0.7832167832167832,0.5548281505728314,0.2916666666666667,0.9162162162162162,0.6690224668948073,0.4250474383301708,0.5981432360742706,0.7355704851613198,0.39643388873054947,143,611,754,,,,6.428947368421053
overlap,7,weighted_logistic_regression_SW_pos1.5,0.5,19,0.9635145412193795,3013,754,0.18918021905077995,0.1896551724137931,118,279,332,25,0.8251748251748252,0.5433715220949263,0.2972292191435768,0.9299719887955182,0.6842731736348757,0.437037037037037,0.596816976127321,0.7618371808224509,0.44166872367086724,143,611,754,,,,6.428947368421053
overlap,8,weighted_logistic_regression_SW_pos1.5,0.5,18,0.9502686954102416,3014,753,0.18944923689449236,0.18857901726427623,106,281,330,36,0.7464788732394366,0.5400981996726678,0.2739018087855297,0.9016393442622951,0.6432885364560522,0.4007561436672968,0.5790172642762285,0.7144371960074687,0.3628145776524462,142,611,753,,,,6.41768826619965
overlap,9,weighted_logistic_regression_SW_pos1.5,0.5,18,0.9506652054522594,3014,753,0.18944923689449236,0.18857901726427623,124,283,328,18,0.8732394366197183,0.5368248772504092,0.3046683046683047,0.9479768786127167,0.7050321569350637,0.45173041894353366,0.600265604249668,0.7861160415850258,0.48130402373678793,142,611,753,,,,6.41768826619965
overlap,10,weighted_logistic_regression_SW_pos1.5,0.5,18,0.9510754463571701,3014,753,0.18911745189117452,0.1899070385126162,111,270,340,32,0.7762237762237763,0.5573770491803278,0.29133858267716534,0.9139784946236559,0.666800412702052,0.42366412213740456,0.598937583001328,0.7550727960564025,0.4357473380730909,143,610,753,,,,6.431578947368421
overlap,11,weighted_logistic_regression_SW_pos1.5,0.5,18,0.9506104818095542,3013,754,0.18918021905077995,0.1896551724137931,119,299,312,24,0.8321678321678322,0.5106382978723404,0.284688995215311,0.9285714285714286,0.6714030650200863,0.42424242424242425,0.5716180371352785,0.7700319320613919,0.4741258664996382,143,611,754,,,,6.428947368421053
overlap,12,weighted_logistic_regression_SW_pos1.5,0.5,19,0.963532644093577,3013,754,0.18918021905077995,0.1896551724137931,113,272,339,30,0.7902097902097902,0.5548281505728314,0.2935064935064935,0.9186991869918699,0.6725189703913108,0.42803030303030304,0.5994694960212201,0.747084339555698,0.4226509397517034,143,611,754,,,,6.428947368421053
overlap,13,weighted_logistic_regression_SW_pos1.5,0.5,18,0.9509238427739047,3014,753,0.18944923689449236,0.18857901726427623,109,246,365,33,0.7676056338028169,0.5973813420621932,0.30704225352112674,0.9170854271356784,0.6824934879325051,0.4386317907444668,0.6294820717131474,0.7478965445702035,0.42150352601371793,142,611,753,,,,6.41768826619965
overlap,14,weighted_logistic_regression_SW_pos1.5,0.5,18,0.9508401502421487,3014,753,0.18944923689449236,0.18857901726427623,105,274,337,37,0.7394366197183099,0.5515548281505729,0.2770448548812665,0.9010695187165776,0.6454957239344414,0.40307101727447225,0.5869853917662683,0.7176759410801965,0.36356888684180577,142,611,753,,,,6.41768826619965
overlap,15,weighted_logistic_regression_SW_pos1.5,0.5,18,0.9500709308249051,3014,753,0.18911745189117452,0.1899070385126162,115,277,333,28,0.8041958041958042,0.5459016393442623,0.29336734693877553,0.9224376731301939,0.6750487217700332,0.4299065420560748,0.5949535192563081,0.7521380259085179,0.42660299420650927,143,610,753,,,,6.431578947368421
overlap,16,weighted_logistic_regression_SW_pos1.5,0.5,18,0.9505890445605061,3013,754,0.18918021905077995,0.1896551724137931,121,287,324,22,0.8461538461538461,0.530278232405892,0.2965686274509804,0.9364161849710982,0.6882160392798691,0.43920145190562615,0.5901856763925729,0.7745298890961738,0.45134597529480297,143,611,754,,,,6.428947368421053
overlap,17,weighted_logistic_regression_SW_pos1.5,0.5,18,0.9501515378502173,3013,754,0.18918021905077995,0.1896551724137931,114,292,319,29,0.7972027972027972,0.5220949263502455,0.28078817733990147,0.9166666666666666,0.6596488617765213,0.41530054644808734,0.5742705570291777,0.744852528813249,0.41107735393778694,143,611,754,,,,6.428947368421053
overlap,18,weighted_logistic_regression_SW_pos1.5,0.5,18,0.9504173298754007,3014,753,0.18944923689449236,0.18857901726427623,108,257,354,34,0.7605633802816901,0.5793780687397708,0.2958904109589041,0.9123711340206185,0.6699707245107305,0.4260355029585799,0.6135458167330677,0.7479195961365575,0.40507905700683844,142,611,753,,,,6.41768826619965
overlap,19,weighted_logistic_regression_SW_pos1.5,0.5,18,0.9502228826019017,3014,753,0.18944923689449236,0.18857901726427623,107,284,327,35,0.7535211267605634,0.5351882160392799,0.27365728900255754,0.9033149171270718,0.6443546713999216,0.4015009380863039,0.5763612217795485,0.724430050021899,0.43433663844473513,142,611,753,,,,6.41768826619965
overlap,20,weighted_logistic_regression_SW_pos1.5,0.5,18,0.9509154753707103,3014,753,0.18911745189117452,0.1899070385126162,113,262,348,30,0.7902097902097902,0.5704918032786885,0.30133333333333334,0.9206349206349206,0.6803507967442394,0.4362934362934363,0.6122177954847278,0.7524246245557721,0.41215652644437734,143,610,753,,,,6.431578947368421
overlap,21,weighted_logistic_regression_SW_pos1.5,0.5,18,0.9507763670161476,3013,754,0.18918021905077995,0.1896551724137931,118,290,321,25,0.8251748251748252,0.5253682487725041,0.28921568627450983,0.9277456647398844,0.6752715369736646,0.4283121597096189,0.5822281167108754,0.7352843555789547,0.4108367080551892,143,611,754,,,,6.428947368421053
overlap,22,weighted_logistic_regression_SW_pos1.5,0.5,18,0.9505102322105277,3013,754,0.18918021905077995,0.1896551724137931,119,275,336,24,0.8321678321678322,0.5499181669394435,0.3020304568527919,0.9333333333333333,0.6910429995536378,0.4432029795158287,0.603448275862069,0.7619859682052808,0.42893497243942513,143,611,754,,,,6.428947368421053
overlap,23,weighted_logistic_regression_SW_pos1.5,0.5,18,0.9503349562737167,3014,753,0.18944923689449236,0.18857901726427623,116,263,348,26,0.8169014084507042,0.5695581014729951,0.30606860158311344,0.93048128342246,0.6932297549618497,0.44529750479846447,0.6162018592297477,0.7701297803185727,0.45913925861065785,142,611,753,,,,6.41768826619965
overlap,24,weighted_logistic_regression_SW_pos1.5,0.5,19,0.9635405030634572,3014,753,0.18944923689449236,0.18857901726427623,106,261,350,36,0.7464788732394366,0.5728314238952537,0.2888283378746594,0.9067357512953368,0.6596551485673452,0.4165029469548134,0.6055776892430279,0.7444964385329983,0.43420468955431335,142,611,753,,,,6.41768826619965
overlap,25,weighted_logistic_regression_SW_pos1.5,0.5,18,0.9510140333890533,3014,753,0.18911745189117452,0.1899070385126162,106,270,340,37,0.7412587412587412,0.5573770491803278,0.28191489361702127,0.9018567639257294,0.6493178952195345,0.40847784200385356,0.5922974767596282,0.7264931789521955,0.37191219890760163,143,610,753,,,,6.431578947368421
