idx_original,y_pred,y_prob,V.SUM.TOTAL,P.SUM.TOTAL
1,1,0.5245627432736549,1.0,1.0
2,1,0.6722640827772208,2.0,0.0
5,1,0.7270066034501156,0.0,0.0
11,0,0.4432322131090875,0.0,0.0
13,0,0.4771530659135308,0.0,0.0
22,1,0.5340246167721527,2.0,0.0
23,1,0.8910093668185579,5.0,1.0
27,1,0.5614576705234636,0.0,0.0
29,1,0.8072087452682606,0.0,0.0
45,0,0.3981675912915193,2.0,0.0
46,1,0.6038937812174429,5.0,2.0
47,0,0.2896680331529466,0.0,0.0
49,1,0.8573270389953547,0.0,0.0
51,0,0.3549989127414766,4.0,0.0
53,1,0.5567509150475234,0.0,0.0
58,0,0.3551016149080064,1.0,0.0
64,1,0.6442960774170234,0.0,0.0
77,1,0.6370870948839068,2.0,0.0
80,1,0.7354426164391212,1.0,0.0
81,0,0.4090264013207482,0.0,0.0
83,0,0.4513332457913042,1.0,1.0
88,1,0.5735828399571569,0.0,0.0
97,0,0.4866772035595101,0.0,0.0
98,1,0.78450640805864,10.0,3.0
103,0,0.4501915758641294,9.0,4.0
105,1,0.8728809152568058,2.0,2.0
110,1,0.6275436292441555,6.0,3.0
118,0,0.2654461034812382,2.0,0.0
119,1,0.95161714863671,6.0,0.0
120,1,0.5161873113733483,0.0,0.0
122,0,0.2769597084685888,0.0,0.0
125,1,0.6208344653589752,0.0,0.0
129,0,0.3574318682271056,4.0,1.0
135,1,0.7951902713978937,0.0,0.0
148,0,0.3296475203858019,0.0,0.0
150,0,0.2481512807676109,0.0,0.0
155,1,0.5566592737613969,2.0,0.0
159,0,0.3705384922592978,16.0,4.0
164,1,0.7436093060171787,0.0,0.0
167,0,0.46149737540665,0.0,0.0
170,1,0.5594659337385646,0.0,1.0
175,0,0.494324346456078,2.0,0.0
182,1,0.6474527534773782,0.0,0.0
186,0,0.4945726147843089,2.0,0.0
192,1,0.6738963532977443,4.0,3.0
194,1,0.6253725191274082,0.0,0.0
195,0,0.3328395625110573,0.0,0.0
202,1,0.8544100924385304,3.0,0.0
203,1,0.5935452159316867,8.0,0.0
207,1,0.5006919731781381,0.0,0.0
215,1,0.8546214470592189,1.0,0.0
227,1,0.6063577150045868,5.0,3.0
233,0,0.3750266775454258,0.0,0.0
236,1,0.8649362384744205,0.0,0.0
238,1,0.7274093076434548,0.0,0.0
241,1,0.8998914423929364,0.0,0.0
250,0,0.3098093924854571,0.0,0.0
254,1,0.9562748904456436,4.0,1.0
255,0,0.3211466924818443,1.0,1.0
256,0,0.4862736790325171,0.0,0.0
258,0,0.2066967540093397,4.0,1.0
260,0,0.3873517441025258,1.0,0.0
272,1,0.6769231400264115,12.0,1.0
281,1,0.5585074537987053,2.0,0.0
292,1,0.7906621154621526,4.0,7.0
295,0,0.2724693983161003,0.0,0.0
305,1,0.6296944039325411,0.0,0.0
306,0,0.1284373111828549,0.0,0.0
312,1,0.5735557554230678,0.0,0.0
317,0,0.3042669281577496,1.0,0.0
320,0,0.2802697379251164,0.0,0.0
321,0,0.4045889470912496,0.0,0.0
325,0,0.3412741382249605,0.0,0.0
327,1,0.720629399112577,0.0,2.0
331,1,0.8598565657229409,0.0,0.0
335,0,0.4976541413974986,0.0,0.0
337,1,0.538598795914175,2.0,0.0
340,1,0.8356024372785186,0.0,0.0
342,1,0.7292671128824108,0.0,0.0
343,1,0.5548507566332954,0.0,0.0
345,1,0.5377856580164467,1.0,0.0
352,0,0.3622825088759169,1.0,0.0
363,0,0.4335570419551111,1.0,1.0
364,1,0.6785312097617683,6.0,2.0
369,1,0.8321753640862497,0.0,0.0
373,0,0.3892421487288507,0.0,0.0
382,1,0.5497350567701427,3.0,0.0
386,0,0.4315903349821896,1.0,1.0
395,0,0.208246188802302,5.0,4.0
418,1,0.5703771641101182,0.0,0.0
423,1,0.7474642240326731,2.0,1.0
428,1,0.8086715197218782,1.0,0.0
436,0,0.4097650772387297,5.0,2.0
437,1,0.5224821055965443,0.0,0.0
443,1,0.7253908987605764,14.0,1.0
445,0,0.1603374604251066,1.0,0.0
447,1,0.5777450729110427,6.0,2.0
453,1,0.8037791024515968,0.0,0.0
473,1,0.7742262551243062,3.0,2.0
474,0,0.4515694015137854,1.0,0.0
475,1,0.5643034193951277,8.0,2.0
477,1,0.6778867558090353,0.0,0.0
487,1,0.5119628847365285,0.0,0.0
491,1,0.8476384185230796,0.0,0.0
493,1,0.8505299955803991,0.0,0.0
498,1,0.7782836129630233,1.0,0.0
499,0,0.4900354838837586,0.0,0.0
504,1,0.507295495903136,1.0,0.0
508,0,0.3784755768590036,3.0,0.0
511,1,0.5707834548309775,6.0,1.0
513,1,0.5026949214017854,3.0,0.0
516,0,0.2104531965381161,3.0,0.0
519,1,0.6335026776288823,0.0,0.0
520,0,0.4181498178722079,2.0,0.0
521,0,0.3485576668283642,0.0,0.0
524,0,0.2314761838284253,0.0,0.0
525,0,0.1778273933625138,0.0,0.0
528,1,0.5086146183467362,0.0,0.0
529,0,0.3511580692883296,0.0,0.0
537,0,0.2558939633029339,0.0,0.0
540,0,0.4338118437632996,8.0,2.0
541,0,0.4949433314876316,2.0,1.0
544,0,0.4622085894389252,6.0,0.0
545,0,0.3600551169623727,0.0,0.0
565,0,0.3115558380686217,0.0,0.0
566,1,0.8745796028374134,1.0,0.0
569,0,0.3384656571279183,2.0,1.0
581,0,0.3629186754197291,1.0,0.0
582,1,0.7297456034651603,1.0,0.0
584,0,0.4878744046193082,1.0,2.0
588,0,0.2838531246286593,3.0,2.0
591,0,0.1635841366225721,8.0,2.0
595,0,0.4493790340711015,0.0,0.0
602,0,0.4023829148820037,0.0,0.0
610,0,0.3317428242964667,8.0,0.0
611,0,0.3585055286704146,0.0,0.0
613,1,0.6294529440197398,0.0,0.0
619,1,0.6961025873092235,0.0,0.0
620,1,0.508464565683639,2.0,0.0
634,0,0.4157157634250673,1.0,1.0
635,0,0.2824034163247595,4.0,2.0
638,1,0.6310769629734596,0.0,1.0
640,0,0.304415016831965,1.0,0.0
644,1,0.5834720697896835,0.0,0.0
648,1,0.6701415738165379,7.0,1.0
653,1,0.5960089334842888,0.0,0.0
655,0,0.3841797097069935,3.0,1.0
662,1,0.5090973037485365,5.0,0.0
664,0,0.2544520384146295,1.0,0.0
667,1,0.834205722719323,0.0,0.0
668,1,0.6977374962599164,0.0,0.0
671,0,0.4968508499208273,0.0,1.0
674,1,0.5476731805401309,1.0,0.0
681,0,0.4451958086816273,1.0,0.0
698,1,0.5017088083590333,0.0,0.0
700,1,0.5568102307772093,1.0,0.0
701,1,0.649868470010448,1.0,0.0
702,0,0.3948410397652999,1.0,1.0
703,0,0.3824312005816059,0.0,1.0
708,1,0.5724587156892429,3.0,2.0
712,1,0.5673773508976138,0.0,0.0
721,1,0.8045448654817,0.0,0.0
725,0,0.4191043385998416,1.0,0.0
727,0,0.4110714817460442,0.0,0.0
733,0,0.3196694750656239,6.0,4.0
739,1,0.6023798034631329,6.0,1.0
742,1,0.5046377008208704,2.0,0.0
745,1,0.5083664572539962,0.0,0.0
752,1,0.6229666085978429,0.0,1.0
758,1,0.5259018150777487,1.0,0.0
764,1,0.5651948022418132,0.0,0.0
769,1,0.6323975488464826,3.0,0.0
777,1,0.5759498350981105,1.0,0.0
778,1,0.7409324976403285,6.0,0.0
780,1,0.7090216908460272,5.0,0.0
789,1,0.8986731987457944,5.0,0.0
796,0,0.4597858330449353,2.0,0.0
798,0,0.4876913582490668,1.0,0.0
799,0,0.2615255622252669,0.0,0.0
801,0,0.2400034687344523,7.0,1.0
807,0,0.3002823831436729,1.0,0.0
809,0,0.2989025931379562,2.0,0.0
814,0,0.441174995380942,0.0,0.0
815,0,0.2951203970108289,0.0,0.0
816,0,0.3650491957474823,0.0,0.0
823,0,0.4130201825123013,4.0,2.0
825,1,0.6311756861465865,0.0,0.0
829,1,0.56237282816214,3.0,1.0
833,0,0.497062404334147,0.0,0.0
835,0,0.4390693100716415,3.0,0.0
836,1,0.5361704793438493,1.0,0.0
840,1,0.7162889044530726,3.0,0.0
843,1,0.5046495974410008,0.0,0.0
845,1,0.5587497475191985,2.0,1.0
846,0,0.3823772835625788,0.0,0.0
850,0,0.4508534972719084,3.0,0.0
853,1,0.8820898242459447,8.0,0.0
856,1,0.7796428727021918,0.0,0.0
858,0,0.4709903614476455,0.0,0.0
864,0,0.230665956409611,2.0,0.0
866,1,0.8095970915422166,1.0,0.0
867,0,0.1634911561296321,4.0,1.0
875,0,0.3030085783266778,2.0,0.0
885,1,0.6566447395540891,1.0,0.0
886,0,0.4275445523633337,0.0,0.0
889,1,0.5085534917099775,4.0,0.0
890,0,0.275809239633312,3.0,0.0
895,0,0.4981513815510636,2.0,1.0
896,1,0.5655727192038494,0.0,0.0
897,1,0.7475440407549386,0.0,0.0
901,0,0.3444584928052657,2.0,0.0
904,0,0.4815869253872731,2.0,0.0
905,0,0.4524267002753649,3.0,1.0
916,0,0.3579964463852599,4.0,0.0
921,0,0.4917664286759386,11.0,6.0
923,0,0.4099464448574743,0.0,0.0
929,1,0.8655098696958304,0.0,0.0
932,0,0.4960840068811942,4.0,0.0
933,0,0.471936361510839,0.0,0.0
934,0,0.4470861377438902,0.0,0.0
939,0,0.2947260680520798,0.0,0.0
942,1,0.510358525336283,0.0,0.0
944,1,0.5881326519012252,1.0,0.0
946,0,0.1992142158109841,1.0,0.0
949,1,0.5082272767814684,0.0,0.0
956,0,0.4990672437345018,0.0,0.0
958,1,0.7166831495894301,0.0,0.0
960,1,0.7479130221132299,2.0,0.0
961,1,0.5732642391768242,2.0,0.0
964,1,0.6428040324307526,0.0,0.0
970,1,0.8716552047393731,1.0,0.0
972,1,0.7205546966746288,1.0,0.0
973,1,0.7572037444636592,1.0,1.0
976,0,0.1971756350752025,0.0,0.0
978,1,0.5198595415225117,0.0,1.0
982,1,0.5525805580019313,1.0,0.0
987,1,0.5151851517102606,1.0,3.0
994,1,0.660629696542734,0.0,0.0
1000,0,0.4736977996089238,1.0,0.0
1001,0,0.4495648870738433,0.0,0.0
1002,0,0.449313309078359,2.0,0.0
1011,1,0.6463423230436306,5.0,0.0
1022,0,0.4165574021242983,0.0,0.0
1023,1,0.5915355199141095,4.0,2.0
1032,1,0.5277877453147344,7.0,0.0
1034,0,0.2791082589084281,3.0,0.0
1037,0,0.2727541615629817,0.0,0.0
1039,1,0.8404541893054202,0.0,0.0
1042,0,0.3437896465887302,0.0,0.0
1044,1,0.5834200814674477,0.0,0.0
1046,1,0.5457913709102291,1.0,0.0
1059,0,0.3961404303684192,0.0,0.0
1060,1,0.8189717754535718,0.0,0.0
1061,1,0.5436651929297943,1.0,0.0
1062,0,0.4476977982512757,0.0,0.0
1064,0,0.2897896559824944,2.0,0.0
1065,0,0.3760305911680563,0.0,1.0
1071,0,0.4401307624169933,0.0,0.0
1074,1,0.6656514962229535,2.0,1.0
1079,1,0.5575924650391404,0.0,0.0
1081,1,0.5662614864829645,0.0,1.0
1084,1,0.8515694969441282,0.0,1.0
1088,0,0.3335911392942507,0.0,0.0
1089,0,0.3270188760889705,0.0,0.0
1090,0,0.2383950080015818,3.0,0.0
1091,1,0.9636253902886616,0.0,0.0
1093,1,0.538066611096176,0.0,0.0
1097,1,0.8400733617484163,1.0,0.0
1098,0,0.1742261315178002,0.0,0.0
1110,0,0.2770538189041406,1.0,0.0
1111,1,0.7969314319748375,1.0,0.0
1112,1,0.5820677880319497,0.0,0.0
1115,0,0.4230865605528751,0.0,0.0
1140,1,0.7621806692308617,1.0,0.0
1144,1,0.6386877729253315,2.0,1.0
1148,0,0.4435262485096249,0.0,0.0
1153,0,0.2203290385798755,2.0,0.0
1163,1,0.7955956773491967,6.0,1.0
1180,1,0.7084065425313828,3.0,0.0
1182,0,0.4612879880119621,0.0,1.0
1183,1,0.552907318537457,0.0,0.0
1184,0,0.4641880543756211,0.0,0.0
1186,0,0.3401742983783671,0.0,0.0
1188,1,0.5784172849761423,2.0,0.0
1189,0,0.489057710269371,4.0,0.0
1197,1,0.9026523634114036,1.0,0.0
1199,0,0.4550795876204141,0.0,0.0
1203,0,0.3652314217402491,0.0,2.0
1204,0,0.4556848000439978,0.0,0.0
1206,1,0.5746528785215209,3.0,1.0
1207,1,0.8867587925464437,0.0,0.0
1211,1,0.5636357376814533,0.0,0.0
1213,0,0.3785310345359347,0.0,2.0
1216,0,0.2761677643167375,0.0,0.0
1230,0,0.3215406096871728,3.0,0.0
1231,1,0.5003941553271254,0.0,0.0
1234,0,0.2084032250620324,0.0,0.0
1235,0,0.197995221931439,1.0,0.0
1247,0,0.2564336007141011,4.0,2.0
1251,0,0.4256696957364231,10.0,2.0
1254,1,0.5366988663865606,1.0,0.0
1255,0,0.4673804109280688,8.0,1.0
1258,0,0.1623429940293803,6.0,0.0
1259,0,0.4204947517636127,3.0,0.0
1260,0,0.2114507746138214,1.0,0.0
1267,0,0.4331994398751978,1.0,1.0
1268,1,0.8407274608776664,1.0,1.0
1272,1,0.8267592822033654,0.0,0.0
1278,0,0.4664602980854564,0.0,1.0
1282,0,0.2686389148633845,0.0,0.0
1289,1,0.5318255543266831,0.0,0.0
1299,0,0.3721759506550924,0.0,0.0
1301,1,0.7517596787090989,4.0,1.0
1313,1,0.576216308196562,0.0,2.0
1314,1,0.5181583838193216,0.0,0.0
1316,0,0.4145271453796262,0.0,0.0
1319,1,0.7582099861564454,0.0,0.0
1320,0,0.4906727437831903,0.0,0.0
1323,0,0.2930882011350363,0.0,0.0
1330,1,0.7320808734155596,0.0,0.0
1331,1,0.9616950485343222,0.0,0.0
1335,1,0.5892727411098072,0.0,0.0
1336,1,0.7106796432094237,1.0,0.0
1349,1,0.9038481733163108,1.0,0.0
1351,1,0.6373295241863918,0.0,0.0
1355,0,0.241846495188683,0.0,0.0
1358,1,0.5125076491636384,0.0,0.0
1371,1,0.8101398861748946,13.0,1.0
1381,0,0.3019251185485736,0.0,0.0
1384,1,0.8322273466035047,1.0,1.0
1387,0,0.4889928948011765,0.0,0.0
1390,1,0.9195863362248974,1.0,0.0
1395,1,0.7333285693936796,0.0,0.0
1398,0,0.3374135233137539,1.0,0.0
1399,0,0.3489715798099189,2.0,0.0
1407,1,0.5222703248623397,0.0,0.0
1411,1,0.5746164271930662,0.0,0.0
1412,1,0.5970930198599226,0.0,2.0
1413,0,0.2883740343874845,0.0,0.0
1418,1,0.7183469438195669,9.0,0.0
1420,1,0.6123538279959411,1.0,0.0
1421,0,0.2509032972235785,4.0,1.0
1424,1,0.6335751997642688,0.0,0.0
1427,1,0.6006867568876759,0.0,0.0
1428,0,0.3996026909044332,6.0,0.0
1429,0,0.4004346789117103,6.0,4.0
1430,1,0.6677619333308904,3.0,1.0
1431,1,0.6790896071244418,5.0,1.0
1434,1,0.9039171599625192,1.0,0.0
1435,1,0.7132994876020506,1.0,2.0
1439,1,0.8341426713055999,0.0,0.0
1442,0,0.3780536312769173,6.0,1.0
1448,1,0.7698425966514608,1.0,1.0
1449,1,0.5645604354228947,0.0,0.0
1450,1,0.6997635393725886,0.0,0.0
1451,1,0.890517187826305,0.0,0.0
1455,1,0.8134859313036221,0.0,0.0
1466,1,0.5106237998305484,11.0,0.0
1470,0,0.4371762227720289,0.0,0.0
1471,1,0.7959272097738557,0.0,0.0
1477,1,0.5457144834100074,0.0,0.0
1481,0,0.4377459410690588,0.0,0.0
1487,0,0.3253056739576282,0.0,0.0
1488,1,0.8589903813554558,0.0,0.0
1497,1,0.8653455106974675,0.0,0.0
1501,1,0.7481212949474505,0.0,0.0
1504,0,0.4089299900690438,1.0,0.0
1507,1,0.73374545492365,4.0,0.0
1508,1,0.7674655192701451,0.0,0.0
1509,0,0.3762769224404166,0.0,0.0
1511,0,0.2518238809429142,0.0,0.0
1512,0,0.2812209774621413,0.0,0.0
1513,1,0.5235077638686941,5.0,3.0
1519,0,0.3785237460403611,9.0,7.0
1520,1,0.608851816863593,0.0,1.0
1524,1,0.5489009375257204,1.0,0.0
1531,1,0.8015691470248383,5.0,2.0
1532,1,0.8899579488304389,0.0,0.0
1541,0,0.2251281646537903,0.0,0.0
1543,0,0.4918456199156079,0.0,0.0
1549,0,0.4265623029181318,1.0,0.0
1557,0,0.1195036154933253,4.0,1.0
1559,0,0.2383954310894381,0.0,0.0
1564,0,0.4165327582703618,0.0,0.0
1565,0,0.226588400951153,0.0,0.0
1570,0,0.4015506238920838,7.0,5.0
1577,0,0.1949863523792082,2.0,0.0
1578,0,0.3049565373726851,0.0,2.0
1586,1,0.7183956255631571,0.0,0.0
1594,1,0.5281145314619544,0.0,0.0
1604,0,0.2152214960939928,0.0,2.0
1607,0,0.3443201615961756,0.0,0.0
1609,0,0.3704370856219331,0.0,0.0
1610,0,0.1324051842531535,1.0,0.0
1613,0,0.4689282764649739,0.0,0.0
1620,0,0.1566710239767619,0.0,0.0
1627,0,0.3377101508818685,3.0,3.0
1636,0,0.4768304430500319,0.0,0.0
1645,1,0.64163285933175,0.0,0.0
1648,1,0.7362110505256841,0.0,0.0
1650,0,0.3622127906124002,0.0,1.0
1652,0,0.4796777244327695,2.0,1.0
1668,0,0.2590583077582302,2.0,3.0
1670,1,0.6273185481442862,0.0,1.0
1676,1,0.5597001780384075,0.0,1.0
1677,0,0.347447952011281,0.0,0.0
1678,1,0.5294679721630837,0.0,0.0
1681,1,0.9332924011558926,0.0,0.0
1684,1,0.5530508486837482,4.0,4.0
1690,0,0.2743995651004315,0.0,0.0
1692,0,0.3265165286757207,1.0,1.0
1694,0,0.3053828654992857,1.0,0.0
1696,1,0.6598640573325932,1.0,0.0
1699,0,0.4917901830124442,0.0,0.0
1712,0,0.1884871269316247,0.0,0.0
1716,0,0.4740199808805242,0.0,0.0
1718,0,0.4160608638902626,0.0,0.0
1724,0,0.1137126435389457,0.0,0.0
1731,1,0.7283998402720695,0.0,2.0
1732,1,0.6019528900867148,1.0,0.0
1740,0,0.4904452731620494,7.0,2.0
1741,1,0.6701441911283547,0.0,0.0
1747,1,0.5292212689068517,0.0,0.0
1748,0,0.3756845324078195,7.0,1.0
1766,0,0.3531711133408388,5.0,0.0
1770,0,0.2735365583761677,0.0,0.0
1771,0,0.3579056962731193,0.0,0.0
1772,0,0.153658056669955,9.0,3.0
1775,0,0.3095107114216001,0.0,0.0
1777,1,0.5756869928596965,0.0,0.0
1785,1,0.7392591962199343,0.0,0.0
1794,1,0.619348320407968,0.0,0.0
1805,1,0.6572424889795254,1.0,0.0
1806,1,0.5209203032107402,1.0,0.0
1809,1,0.5194567603429802,0.0,0.0
1815,1,0.9496351019377856,3.0,0.0
1816,0,0.3820204452183151,0.0,0.0
1819,1,0.9152292229975236,0.0,1.0
1821,1,0.7934199021126516,1.0,0.0
1822,1,0.5224692278736315,0.0,0.0
1829,1,0.5978004854912952,0.0,0.0
1832,1,0.5231341681722688,1.0,0.0
1833,0,0.3961572588912777,1.0,0.0
1838,1,0.8836770920900597,0.0,1.0
1841,0,0.3549666692216136,0.0,0.0
1845,1,0.6187362622215121,1.0,1.0
1852,1,0.712346491223222,1.0,0.0
1853,1,0.6944478377803853,1.0,0.0
1856,1,0.8189882490934446,0.0,0.0
1857,1,0.8850952917140728,0.0,0.0
1864,0,0.3346630396762945,0.0,1.0
1865,0,0.4166721874621156,0.0,0.0
1868,1,0.7207072990962324,0.0,1.0
1869,1,0.6538210927287237,0.0,0.0
1871,0,0.391117749205537,0.0,0.0
1873,1,0.7419100378616856,0.0,0.0
1877,0,0.4936840849201198,1.0,0.0
1878,0,0.3679339257024085,0.0,0.0
1879,1,0.6549823713135413,0.0,0.0
1881,0,0.3340029321704197,0.0,0.0
1886,1,0.7829644906162776,1.0,0.0
1894,0,0.3515655819205291,0.0,0.0
1896,0,0.4926553411136384,0.0,0.0
1903,1,0.6759671416836913,0.0,0.0
1904,1,0.5884833169414071,4.0,1.0
1910,1,0.6175337534676754,3.0,0.0
1917,1,0.7285667054830927,2.0,0.0
1927,1,0.6816990320545521,0.0,0.0
1928,0,0.2877447945693888,0.0,0.0
1929,1,0.6599925526484341,0.0,0.0
1931,1,0.9214397417558956,1.0,2.0
1932,0,0.3190340989112377,0.0,0.0
1933,1,0.5790558442415432,0.0,0.0
1934,1,0.5348536326712118,2.0,0.0
1935,1,0.787615771161546,0.0,0.0
1938,0,0.153211299883145,9.0,0.0
1944,0,0.3883615701570405,0.0,0.0
1948,0,0.177244147439168,1.0,0.0
1953,0,0.4108713053631419,0.0,0.0
1957,1,0.6582157203685188,3.0,2.0
1964,0,0.1907065240939459,0.0,0.0
1967,0,0.1770081422435463,0.0,0.0
1973,0,0.2229393088061857,0.0,1.0
1989,1,0.6274952429860398,0.0,0.0
1997,1,0.5610343962582751,1.0,0.0
2004,1,0.659342077489862,0.0,0.0
2005,1,0.7250532307036869,1.0,0.0
2007,1,0.5610908687499372,0.0,0.0
2008,1,0.8416790024854505,0.0,0.0
2009,0,0.4014794630922367,2.0,3.0
2010,1,0.6060540327031261,2.0,0.0
2012,1,0.612005916004505,0.0,0.0
2016,1,0.6596206955704585,1.0,1.0
2018,1,0.6126830813191898,0.0,0.0
2023,0,0.3942592794224333,1.0,0.0
2025,0,0.3482050172719929,0.0,0.0
2030,1,0.6459605545124846,0.0,0.0
2038,1,0.8480778276131312,0.0,1.0
2039,1,0.6264587350369186,0.0,0.0
2041,0,0.3745682790097816,1.0,1.0
2042,1,0.6497583757825133,1.0,0.0
2047,0,0.2304336948610932,1.0,2.0
2051,0,0.4398346965415375,1.0,1.0
2057,1,0.6926781767063311,0.0,0.0
2058,0,0.4074351116000831,4.0,3.0
2061,1,0.7465183205518192,0.0,0.0
2062,0,0.3221484617356213,1.0,1.0
2063,1,0.8505426770445472,1.0,0.0
2065,0,0.3756851744831516,0.0,1.0
2066,1,0.6826796681182457,1.0,1.0
2069,0,0.364805869408741,0.0,0.0
2071,0,0.4725577257302519,0.0,0.0
2072,0,0.4675324040257733,2.0,2.0
2078,0,0.1770721591525233,6.0,3.0
2081,1,0.7376363508104656,0.0,0.0
2082,0,0.3128714222861368,1.0,0.0
2084,1,0.5836465122091562,2.0,0.0
2085,0,0.3429517906886148,0.0,0.0
2090,0,0.4227590775002019,0.0,0.0
2091,0,0.1498601010308537,0.0,0.0
2093,0,0.2671837227147131,8.0,1.0
2094,1,0.7709107483917551,0.0,0.0
2103,0,0.2639145615412111,0.0,0.0
2108,0,0.4982556942136528,0.0,1.0
2111,1,0.8289413305333274,0.0,0.0
2122,0,0.3899859139499111,0.0,0.0
2123,0,0.3448958129149554,0.0,0.0
2131,1,0.8685213559811229,0.0,0.0
2144,1,0.6694777786091124,7.0,4.0
2146,0,0.4000968018359922,0.0,0.0
2152,0,0.2964225245588738,0.0,1.0
2153,0,0.3643522522050597,3.0,1.0
2154,0,0.3221310226673295,1.0,0.0
2159,0,0.3061049754699383,6.0,0.0
2166,0,0.4218409518101205,3.0,0.0
2171,0,0.4840788573912198,0.0,0.0
2180,1,0.623587943160887,0.0,0.0
2182,1,0.5462728801081965,6.0,2.0
2187,1,0.850346525165911,0.0,1.0
2190,0,0.2837264081050474,4.0,2.0
2191,0,0.2968037977605886,0.0,0.0
2198,0,0.4106694649913384,3.0,1.0
2200,0,0.4180482392119391,8.0,1.0
2204,0,0.4404338383003409,4.0,0.0
2207,0,0.2743923706045711,0.0,0.0
2210,1,0.7526784379293147,1.0,1.0
2212,0,0.4725955859859456,0.0,2.0
2216,0,0.3916219098185173,0.0,1.0
2221,1,0.8251810224479414,0.0,0.0
2225,0,0.4994597363682874,2.0,1.0
2228,0,0.3859747717497654,3.0,0.0
2230,1,0.9037682852747794,3.0,1.0
2232,1,0.7544778731928109,0.0,0.0
2233,1,0.7975146590996715,0.0,0.0
2236,0,0.4781508029023346,1.0,1.0
2244,1,0.548385970436972,0.0,0.0
2253,1,0.5532233548794432,0.0,0.0
2259,1,0.7725728112386396,0.0,0.0
2261,1,0.5162242037730271,3.0,3.0
2262,1,0.5593734703849398,1.0,1.0
2265,1,0.9639776772727874,11.0,0.0
2267,1,0.6063908251299874,0.0,0.0
2269,0,0.4467941721977495,1.0,2.0
2274,0,0.302444318075357,4.0,0.0
2275,1,0.8777956050596925,1.0,0.0
2278,0,0.3602635372207634,1.0,0.0
2286,0,0.2845859159269683,0.0,0.0
2296,1,0.8878486256402506,4.0,1.0
2299,1,0.5158860659981018,3.0,0.0
2307,1,0.6884210818309725,0.0,0.0
2310,1,0.6948206875098676,0.0,0.0
2311,1,0.6416196987166134,0.0,0.0
2315,0,0.2822120180688975,0.0,0.0
2318,0,0.4875404355484042,0.0,0.0
2320,1,0.5090787365573075,2.0,0.0
2321,1,0.5761328620691891,7.0,4.0
2322,0,0.259900639775714,8.0,0.0
2324,0,0.306474775503129,0.0,0.0
2329,1,0.5161157506050956,8.0,1.0
2331,1,0.8890413210397456,7.0,2.0
2332,0,0.3728177961008864,0.0,0.0
2334,0,0.4638870759094532,0.0,0.0
2335,1,0.6468159235626193,0.0,0.0
2341,0,0.4911475547521617,2.0,0.0
2347,1,0.7733916726201285,0.0,0.0
2357,0,0.2973915226007632,3.0,0.0
2362,1,0.757351925256257,0.0,1.0
2363,0,0.4702624983372961,4.0,3.0
2364,0,0.4294469666551881,0.0,0.0
2373,1,0.6930671577763728,0.0,0.0
2374,1,0.8130065254198862,2.0,0.0
2377,1,0.6442216728401288,1.0,0.0
2379,1,0.6506499773131446,1.0,0.0
2388,1,0.7533771409780914,0.0,1.0
2390,0,0.4848442125938438,4.0,1.0
2392,0,0.3626602203835606,1.0,2.0
2402,1,0.945730420629528,9.0,8.0
2404,0,0.3140832677134776,1.0,2.0
2407,0,0.192178092245311,0.0,0.0
2408,1,0.942019193657785,0.0,0.0
2418,1,0.8293816170363102,0.0,0.0
2423,1,0.653937984163471,1.0,0.0
2430,1,0.5957955758305226,0.0,0.0
2431,1,0.8337963473198059,1.0,0.0
2433,0,0.2987124698499903,0.0,0.0
2435,0,0.4418427033906477,2.0,0.0
2436,1,0.92293904077057,0.0,0.0
2444,1,0.6060712671543371,4.0,0.0
2446,0,0.2766673713711627,0.0,0.0
2448,1,0.5769862462954308,6.0,3.0
2449,1,0.9331681411471572,1.0,0.0
2452,0,0.1629578114715467,5.0,1.0
2458,1,0.6655491763462194,0.0,0.0
2459,1,0.881878785907507,1.0,0.0
2464,1,0.8084461336713705,0.0,0.0
2470,1,0.5866796601330013,0.0,0.0
2472,0,0.272759769599821,0.0,0.0
2482,1,0.5032498551585649,0.0,0.0
2490,1,0.6754349578201699,7.0,1.0
2495,1,0.7691413952130878,0.0,0.0
2498,0,0.4244000555565322,0.0,0.0
2501,1,0.8890477393351535,5.0,1.0
2507,1,0.5175744461337136,2.0,0.0
2508,1,0.5347779556909309,1.0,0.0
2509,0,0.4529520822818272,1.0,0.0
2517,0,0.3246091953715345,1.0,2.0
2524,1,0.5720273383936415,0.0,0.0
2525,0,0.2880625970876322,2.0,0.0
2528,0,0.4388735401745792,1.0,0.0
2532,0,0.305280205036631,0.0,0.0
2534,0,0.2116854653455847,0.0,0.0
2539,0,0.2458474276115436,1.0,0.0
2541,1,0.6572669919677533,0.0,0.0
2547,0,0.2379539447680183,13.0,3.0
2548,0,0.4658858244373871,0.0,0.0
2549,1,0.5034464267961792,0.0,0.0
2552,0,0.4392344060023239,0.0,0.0
2555,0,0.4290231506459666,9.0,2.0
2562,1,0.6613375360045638,0.0,0.0
2569,1,0.90661031354693,0.0,0.0
2570,0,0.214978729833461,1.0,0.0
2574,0,0.4022867287471861,0.0,0.0
2580,1,0.865904739485531,1.0,0.0
2594,1,0.5227086017267653,0.0,0.0
2601,0,0.3804581488731455,0.0,0.0
2609,1,0.909172958124119,0.0,0.0
2613,0,0.3245695559585244,1.0,0.0
2615,1,0.6926163998893743,0.0,0.0
2616,1,0.670659084999856,4.0,0.0
2617,1,0.5211621877742083,1.0,0.0
2618,0,0.3689998215390654,1.0,0.0
2620,0,0.2863731463998565,0.0,1.0
2621,0,0.1559128747661719,0.0,0.0
2625,0,0.2163177706766586,0.0,0.0
2627,1,0.5115857095419077,0.0,0.0
2634,0,0.2911604457712231,3.0,2.0
2636,0,0.4483533620317144,1.0,0.0
2638,1,0.6037391029680181,1.0,0.0
2643,0,0.3286299550813565,0.0,0.0
2645,1,0.6596308715599349,0.0,0.0
2648,0,0.4471838152061542,1.0,0.0
2654,0,0.1691807213011648,3.0,0.0
2664,0,0.434432052709875,0.0,0.0
2666,0,0.3354912100837355,1.0,0.0
2668,1,0.9264786670379954,4.0,0.0
2681,0,0.43727860868412,0.0,1.0
2683,0,0.3167425588700966,0.0,0.0
2688,0,0.4989090711297489,5.0,5.0
2689,0,0.16111284324646,0.0,0.0
2690,0,0.4073224339501963,0.0,0.0
2691,0,0.4241091900787379,0.0,0.0
2692,0,0.3895539679675744,0.0,0.0
2694,1,0.6181501284043135,0.0,2.0
2695,1,0.934622820904653,0.0,0.0
2700,1,0.9843401441438944,6.0,2.0
2702,0,0.3438106267730608,0.0,0.0
2711,1,0.7628172043483461,0.0,0.0
2715,1,0.551307331086744,0.0,0.0
2718,0,0.2569114101740578,3.0,0.0
2722,1,0.5919587294734953,0.0,0.0
2729,0,0.2128411233639701,5.0,0.0
2734,1,0.6233838268047405,0.0,0.0
2737,1,0.5864457843688132,0.0,0.0
2739,0,0.212561692214227,0.0,0.0
2754,0,0.3149135286663401,1.0,0.0
2756,0,0.4996461746821404,0.0,0.0
2765,1,0.9121371423669306,3.0,1.0
2770,0,0.1753877982048929,0.0,0.0
2771,1,0.6098523196372205,0.0,0.0
2773,0,0.3580684708954245,0.0,0.0
2783,1,0.5449585828212012,0.0,0.0
2784,1,0.5650474908098228,0.0,1.0
2803,0,0.3020400248860886,0.0,0.0
2809,1,0.5703146860130613,1.0,0.0
2811,0,0.3611884552756798,0.0,0.0
2817,0,0.314978543645294,3.0,1.0
2823,1,0.6535151956258967,0.0,0.0
2825,1,0.66203726757501,0.0,0.0
2831,1,0.5849994929466352,2.0,0.0
2842,1,0.8107649811959503,2.0,0.0
2844,0,0.3479831975312416,0.0,0.0
2847,1,0.7576558128219609,2.0,2.0
2848,0,0.2890334261417281,2.0,1.0
2850,0,0.2662539860424174,8.0,1.0
2852,1,0.7780948906291782,2.0,1.0
2857,1,0.6504829877246386,0.0,0.0
2864,1,0.5919681729712923,0.0,0.0
2877,1,0.7320620121876386,8.0,6.0
2878,1,0.686392784168475,1.0,3.0
2886,0,0.3835068911209157,0.0,0.0
2888,1,0.681829220039203,1.0,0.0
2891,1,0.9020154407877252,1.0,1.0
2892,1,0.8124677023106464,2.0,0.0
2899,1,0.8539309843448397,0.0,1.0
2907,0,0.4924928098654961,4.0,0.0
2919,1,0.8581151362715417,1.0,3.0
2921,1,0.5377737318971325,0.0,0.0
2924,1,0.7671124858109116,0.0,0.0
2929,1,0.7572834179705615,7.0,0.0
2930,0,0.4572384076098654,0.0,0.0
2931,1,0.6459779169524167,0.0,0.0
2933,1,0.5405259787809671,0.0,0.0
2956,1,0.7292827710254906,0.0,0.0
2963,0,0.175096999502428,4.0,0.0
2972,0,0.4407037432801791,2.0,0.0
2979,1,0.758993371171767,0.0,0.0
2980,0,0.2819095807562063,8.0,1.0
2981,1,0.683608802986497,1.0,0.0
2982,0,0.4992697121367652,3.0,0.0
2987,0,0.3373762822274248,0.0,1.0
2988,1,0.5002826147357636,8.0,4.0
2990,0,0.4642797479250015,1.0,0.0
2994,0,0.4046135189637869,0.0,0.0
2995,0,0.34637631041849,0.0,3.0
2996,1,0.5497615703733238,0.0,0.0
2997,1,0.6350231089845163,0.0,0.0
2998,0,0.289872487135201,2.0,0.0
3002,0,0.4624123241805762,0.0,0.0
3003,1,0.7458518155762464,10.0,6.0
3005,1,0.7326056831265666,13.0,3.0
3009,1,0.550356467142183,0.0,0.0
3010,0,0.4349286407263457,1.0,0.0
3021,1,0.5460026982413235,1.0,0.0
3030,1,0.5164250754500449,2.0,1.0
3035,1,0.7515144415573822,4.0,3.0
3040,1,0.5567352527478505,0.0,0.0
3042,1,0.6152536554237891,0.0,0.0
3044,1,0.9170454296885237,0.0,0.0
3047,1,0.8411111158123287,0.0,0.0
3048,1,0.716372138069985,0.0,0.0
3050,1,0.5942769707766697,1.0,0.0
3052,1,0.656852933258186,0.0,0.0
3062,1,0.794805216941121,2.0,0.0
3067,1,0.6867414182739343,3.0,1.0
3069,1,0.5769996943449307,3.0,0.0
3076,1,0.8514455779307941,0.0,0.0
3084,0,0.3869901316254052,12.0,1.0
3086,0,0.2632401472165563,6.0,4.0
3088,0,0.4288851740150085,0.0,1.0
3091,0,0.4293621912432906,1.0,0.0
3092,0,0.3362278073449583,1.0,0.0
3098,0,0.4379364184697326,0.0,0.0
3104,1,0.7645204227727272,1.0,0.0
3105,1,0.722974330717196,3.0,1.0
3106,0,0.2895961303856865,2.0,0.0
3111,0,0.4716068812932876,0.0,0.0
3120,1,0.6544949365477216,4.0,2.0
3121,1,0.9661130958002336,0.0,0.0
3122,0,0.3558993634062063,1.0,0.0
3132,0,0.4605050179658896,3.0,1.0
3133,1,0.5012702834904627,0.0,0.0
3134,1,0.968578740827311,0.0,0.0
3135,0,0.3997884161142402,1.0,0.0
3136,1,0.7619915529862995,0.0,0.0
3138,0,0.3215568319659871,5.0,0.0
3141,1,0.522768763203456,2.0,0.0
3142,1,0.6552860795778884,0.0,0.0
3145,1,0.5696333354229708,0.0,0.0
3146,1,0.5711625577555922,1.0,0.0
3149,0,0.1867270306029852,0.0,0.0
3157,1,0.88852317363584,0.0,0.0
3161,1,0.8291366870285342,2.0,0.0
3171,0,0.3027250186938329,0.0,0.0
3178,1,0.5110449499810438,1.0,0.0
3184,1,0.5755191696648733,2.0,1.0
3185,0,0.2972309565170721,0.0,0.0
3186,1,0.7322256862028296,1.0,1.0
3192,1,0.6468725813000769,6.0,4.0
3198,1,0.8066009880144387,0.0,0.0
3199,0,0.1748936768604843,4.0,0.0
3201,0,0.3825269464542761,6.0,1.0
3203,0,0.2438078959314037,0.0,1.0
3204,1,0.7693529279007363,0.0,0.0
3206,1,0.9316970985364084,0.0,0.0
3209,1,0.6145836695469424,0.0,0.0
3210,0,0.3177646589882242,0.0,0.0
3215,1,0.5654985218077593,0.0,0.0
3216,1,0.9595736094956054,0.0,0.0
3223,1,0.5366214811251993,1.0,0.0
3225,0,0.3793759126264885,3.0,0.0
3226,1,0.5275949764089108,1.0,0.0
3231,0,0.2516968540205535,5.0,0.0
3235,1,0.7415196806794475,2.0,0.0
3239,0,0.4914594188652402,3.0,0.0
3251,1,0.9402040045681986,0.0,0.0
3252,1,0.7292130081997815,0.0,0.0
3261,1,0.7729509079505527,1.0,1.0
3263,0,0.3689558704427675,2.0,2.0
3265,1,0.7571865340505894,2.0,0.0
3269,0,0.4501506627579592,6.0,0.0
3271,1,0.6362383198825493,2.0,0.0
3274,1,0.7953516910599118,2.0,0.0
3275,1,0.5996736194586945,0.0,0.0
3276,1,0.5884726511579943,0.0,2.0
3277,0,0.499712639678347,0.0,0.0
3282,0,0.2898977951112297,5.0,0.0
3283,0,0.2573433436937143,4.0,0.0
3287,1,0.5841768521531704,1.0,0.0
3300,1,0.9345582813783572,2.0,1.0
3301,1,0.720929505933944,2.0,1.0
3305,1,0.6062973923171996,2.0,0.0
3308,1,0.5878675241648438,0.0,0.0
3311,0,0.336394147277771,5.0,0.0
3314,1,0.7035327087002952,0.0,0.0
3331,1,0.7703935207023135,0.0,1.0
3332,1,0.6689649817784109,0.0,0.0
3346,0,0.2783017091767389,1.0,0.0
3354,1,0.502424035895229,0.0,0.0
3357,0,0.241004749056751,0.0,0.0
3359,0,0.2347602098259432,1.0,0.0
3360,0,0.3992354285636136,0.0,0.0
3362,1,0.6311873286177027,4.0,1.0
3363,0,0.2375062145951246,0.0,0.0
3365,1,0.8021002050950928,0.0,0.0
3369,0,0.3016875042940918,0.0,0.0
3376,1,0.7275924882075397,2.0,0.0
3383,0,0.2881459139424536,0.0,0.0
3390,1,0.8336530490553815,0.0,0.0
3397,0,0.2078769711947325,3.0,1.0
3401,0,0.2824286154549769,0.0,0.0
3406,0,0.4704203761193239,0.0,0.0
3409,1,0.7559547025513561,0.0,0.0
3410,0,0.4196253913185959,2.0,0.0
3414,0,0.1179217855584641,0.0,0.0
3419,0,0.4574068551956577,0.0,0.0
3423,1,0.5254029660099279,1.0,1.0
3426,0,0.3667775496272804,1.0,0.0
3431,1,0.6642491631135126,2.0,0.0
3432,1,0.5108333317732656,2.0,1.0
3433,1,0.7718110985290636,0.0,0.0
3435,0,0.2522909228084229,2.0,1.0
3442,1,0.8750790854267934,0.0,0.0
3444,0,0.3793472887088597,1.0,0.0
3446,0,0.2593177503112613,0.0,0.0
3447,0,0.4524817595920406,0.0,1.0
3448,0,0.323887352419986,1.0,0.0
3462,0,0.3816634112377468,12.0,0.0
3464,1,0.8505567830700677,1.0,2.0
3468,0,0.3782214895536944,5.0,0.0
3471,1,0.5759973773993003,0.0,0.0
3478,1,0.6083020551045373,2.0,0.0
3480,1,0.5068151489804413,8.0,0.0
3481,1,0.5424012736199442,6.0,1.0
3482,0,0.3731295829534973,1.0,0.0
3484,0,0.4668867471259532,1.0,0.0
3487,0,0.1956400174722742,6.0,1.0
3489,1,0.7632510783811726,4.0,0.0
3491,0,0.3518348563575564,1.0,0.0
3500,1,0.5141071068660784,6.0,0.0
3508,0,0.4613208121482016,14.0,0.0
3509,1,0.7138352047815208,1.0,0.0
3510,1,0.57626512301472,5.0,2.0
3511,1,0.8104569490842242,1.0,0.0
3512,1,0.5590778016197762,0.0,0.0
3513,0,0.2582290626304123,7.0,1.0
3516,1,0.5895316112333745,0.0,0.0
3519,1,0.6088217958816258,8.0,3.0
3532,1,0.5060631530990837,11.0,4.0
3541,1,0.7218461474590716,0.0,0.0
3542,0,0.3620229443342826,1.0,0.0
3543,1,0.8557886240147563,0.0,0.0
3544,1,0.5178831984056986,5.0,0.0
3547,1,0.6699312031045647,0.0,0.0
3551,0,0.3620928225866263,0.0,0.0
3553,0,0.3252864261914464,2.0,1.0
3559,1,0.5552329537466824,1.0,1.0
3561,0,0.3064019063888424,0.0,0.0
3562,0,0.2603894656974105,1.0,2.0
3570,0,0.2480273368049406,0.0,0.0
3571,0,0.4738477462019195,0.0,0.0
3574,0,0.1739493800319708,1.0,0.0
3575,0,0.4082370946760063,2.0,0.0
3577,0,0.2321559526284282,3.0,1.0
3578,0,0.302946656252277,1.0,1.0
3583,1,0.5569248264821014,0.0,0.0
3585,0,0.4556232708185869,0.0,0.0
3587,0,0.4360082573103482,0.0,0.0
3588,0,0.2882011474865055,0.0,0.0
3592,1,0.7628289047403279,0.0,0.0
3596,1,0.6923454366959566,0.0,0.0
3598,1,0.714028527456755,4.0,0.0
3603,1,0.7836355725723951,0.0,0.0
3613,0,0.4126508403197729,3.0,2.0
3619,0,0.2688209413669095,0.0,0.0
3620,0,0.2581840618781167,0.0,0.0
3626,1,0.5001377881388169,1.0,0.0
3643,0,0.3605432743223632,0.0,0.0
3644,1,0.9059027965959088,1.0,0.0
3645,1,0.7954224596850806,6.0,3.0
3648,1,0.5596211613729337,1.0,0.0
3649,0,0.3846973915910117,3.0,0.0
3651,0,0.3239032558041828,5.0,0.0
3652,1,0.7200744440061657,0.0,0.0
3654,0,0.3254502222854433,1.0,0.0
3656,0,0.4743687750738508,0.0,0.0
3657,0,0.2345757323761799,6.0,1.0
3660,1,0.9011375454451926,3.0,1.0
3667,0,0.3636916728551266,1.0,1.0
3673,0,0.4373592302372285,0.0,0.0
3675,0,0.2787466141905936,0.0,1.0
3676,0,0.1621157739119376,0.0,0.0
3679,0,0.3803822619389647,4.0,0.0
3682,1,0.9222204191268466,0.0,0.0
3684,1,0.6883669974243195,0.0,0.0
3687,0,0.4115029159384681,0.0,1.0
3689,0,0.3191820295883792,6.0,0.0
3701,0,0.3609822934458804,1.0,0.0
3702,0,0.2409736768702156,0.0,0.0
3706,1,0.9665657520228688,0.0,0.0
3715,0,0.4846964525171397,0.0,0.0
3718,1,0.7452815041637147,0.0,0.0
3719,1,0.5008081100561396,1.0,0.0
3730,1,0.6441064679851675,2.0,0.0
3733,1,0.5476413845098216,0.0,2.0
3734,1,0.8646089082865752,0.0,0.0
3735,1,0.8147191047522084,1.0,0.0
3736,1,0.682393788670448,0.0,0.0
3742,1,0.607556329976477,0.0,0.0
3749,1,0.9226291085095522,0.0,0.0
3754,1,0.5017742733861276,0.0,0.0
3755,1,0.6002083181109205,1.0,0.0
3759,1,0.8259431764479634,2.0,1.0
