,neuron_1,neuron_2,neuron_3,neuron_4,neuron_5,neuron_6,neuron_7,neuron_8,neuron_9,neuron_10,neuron_11,neuron_12,neuron_13,neuron_14,neuron_15,neuron_16,neuron_17,neuron_18,neuron_19,neuron_20,neuron_21,neuron_22,neuron_23,neuron_24,neuron_25,neuron_26,neuron_27,neuron_28,neuron_29,neuron_30,neuron_31,neuron_32,neuron_33,neuron_34,neuron_35,neuron_36,neuron_37,neuron_38,neuron_39,neuron_40,neuron_41,neuron_42,neuron_43,neuron_44,neuron_45,neuron_46,neuron_47,neuron_48,neuron_49,neuron_50,neuron_51,neuron_52,neuron_53,neuron_54,neuron_55,neuron_56,neuron_57,neuron_58,neuron_59,neuron_60,neuron_61,neuron_62,neuron_63,neuron_64,importance
PC1,-0.032074463,-0.24640808,0.06422783,-0.22678432,-0.16794094,-0.04457852,0.1634471,-0.095654555,-0.24039401,-0.24126412,-0.17431942,-0.11255438,-0.17511472,0.02543564,0.1593483,-0.0040970836,-0.22431998,-0.14853998,-0.05394739,0.026350886,-0.26999688,-0.20970912,0.14062351,-0.17562771,0.13554922,-0.07799615,0.21300405,-0.2449417,0.120260864,-0.175684,0.024526052,0.0885678,0.23821601,-0.21627006,0.071962856,-0.16259378,-0.084829845,0.16521426,-0.26074034,0.085121475,-0.13869241,0.20796311,-0.17903185,0.0084149325,0.059911415,0.1431571,0.061312154,-0.015896752,-0.2438285,0.0016245459,-0.115002334,-0.15568623,0.17278571,-0.19524506,-0.09942545,-0.10944343,0.06936002,0.123950236,0.21358415,-0.043176945,0.23291053,-0.2576259,-0.21684688,-0.1951732,9.048286
PC2,-0.23211175,-0.28050902,-0.20904735,0.09875017,-0.033035617,0.037210777,-0.158338,0.16958678,0.011430509,0.12850472,0.20773417,0.06427801,-0.092218876,0.176584,-0.030013569,0.026065694,-0.061731387,-0.049337912,0.2040912,-0.21799561,-0.22490236,-0.09021215,0.20899545,-0.09539124,0.2708456,-0.09540086,0.07117724,0.20364442,0.107241996,-0.2448356,0.08930901,0.11367334,-0.22305095,-0.19071871,-0.12214639,0.13796094,0.036517393,-0.07091186,0.20063692,0.06438872,0.020844003,-0.112382166,-0.1258239,-0.21164912,0.10235131,-0.24013776,0.1291451,-0.1633313,-0.08922094,0.1230988,0.08462481,0.21512319,-0.10399755,-0.24569523,0.26566136,-0.08434499,0.1892722,0.09068622,0.22279598,-0.1660034,0.27171612,-0.2042937,0.13621984,0.23978803,9.188744
PC3,0.058537193,-0.14733222,-0.08893595,-0.25124198,-0.19830617,0.06420468,-0.013343764,0.21325694,0.09799594,-0.07042818,-0.012379129,-0.2575252,0.070597135,0.18556276,0.16410433,-0.247465,0.036610372,-0.22861037,-0.01303869,0.17244886,-0.20831497,0.034821577,0.13597134,-0.24697395,0.19415495,0.13049418,0.044618487,-0.20276235,-0.120803945,0.23371397,-0.25906974,0.03539824,0.13258134,-0.13171005,-0.1285667,-0.15206146,-0.0771827,0.0044296966,0.12720059,-0.1379282,-0.076640874,0.035206236,0.008221523,0.2724481,-0.22886083,-0.122835696,0.038923863,0.07783025,-0.17690024,0.023477565,0.090219215,0.0168021,-0.035011783,-0.07479766,0.12871715,-0.07339066,0.053231128,-0.21337014,-0.034423586,-0.015224118,-0.15246749,-0.23141408,0.019389333,0.12211431,7.6526012
PC4,-0.09610492,0.18841998,0.060015112,-0.27647802,0.04917002,-0.23548883,0.16430114,0.024604294,-0.23151198,0.24774829,-0.16670805,0.13116844,-0.11296465,-0.24017671,-0.23217723,-0.08151075,0.15629561,0.21074972,-0.093186334,0.11088288,-0.13774244,-0.24849878,0.09432052,0.24791649,-0.17791964,-0.2581228,0.09857621,-0.111632854,-0.1500814,-0.14505762,-0.19618888,-0.1415671,0.22177123,0.0057438314,0.2531223,-0.011234955,0.2120172,0.018872224,0.2772184,0.20279567,0.20694017,-0.20563187,0.12209015,0.23875704,-0.05023501,0.26559246,-0.091220565,-0.23721677,-0.15304136,0.04996033,0.04681506,-0.042334948,0.05480643,-0.045776643,0.13475557,-0.12353386,-0.16344635,-0.09711433,0.088221714,-0.17013717,-0.17482828,0.07852906,0.09401504,-0.05980908,9.314873
PC5,-0.11528021,0.1985873,-0.049383882,-0.09841513,-0.097393915,-0.14902222,0.16192065,-0.09208267,0.1561121,-0.004894772,0.04532551,0.025520701,0.0076390645,0.04516916,-0.13237543,-0.16644673,-0.24688776,-0.2421349,0.02481123,-0.15574294,0.08229751,-0.17859595,-0.15657333,0.18880033,-0.23950545,-0.18905313,-0.04064525,-0.0856626,0.15227717,-0.14518748,-0.1181417,0.22288695,0.029512981,-0.24120346,0.09305586,0.18777516,0.06484716,0.21394713,-0.010587063,-0.15990646,-0.23189834,-0.10412603,-0.056833234,0.19586296,-0.2573575,0.23941746,-0.0044079823,0.25350115,0.16879079,0.1736262,0.14411488,0.12223112,0.19756311,-0.061190087,-0.23966871,0.24533616,0.17318465,-0.11351542,-0.13412139,0.088853136,0.23380175,0.2235027,-0.047341216,0.2113053,8.9371605
PC6,-0.25994396,0.22896151,0.06816721,-0.16004065,0.12936847,0.06619602,-0.004687121,-0.10835034,-0.240928,-0.0996541,-0.080529206,0.10391335,-0.054179434,-0.20917009,0.120837405,-0.02613124,0.05558391,0.0049889563,-0.25749347,0.027201029,0.22726014,0.22523168,0.24150261,0.17316145,-0.15763898,-0.12484336,-0.0379149,-0.107403636,0.2219642,0.21247159,-0.09294665,-0.26394656,0.025407895,0.20748484,-0.13594297,0.12640227,-0.16296011,0.24545392,-0.1127609,0.138832,0.21825485,0.10581662,-0.09748592,-0.14288154,0.25008032,-0.0103603145,0.0043280083,-0.106003314,-0.053828977,-0.15515818,0.058600184,0.16745882,0.24776287,-0.10361945,0.19602045,-0.009313138,-0.05831526,0.04584634,0.18708827,-0.26660135,0.09972016,-0.22006358,-0.06929277,0.11858362,8.54034
PC7,-0.01564464,-0.052091625,0.13320646,-0.27349618,-0.14715338,0.1121651,-0.14311926,-0.13533309,0.10480889,0.061963934,0.07974458,-0.25605765,-0.08132935,0.16517738,0.19286002,-0.27976364,-0.11834884,-0.23016651,-0.123623215,-0.27938044,0.26000777,-0.012787574,0.0450754,-0.22799215,0.08653498,0.20802274,-0.16003777,-0.24013042,0.20510846,0.23637833,-0.012911076,-0.04299254,0.11343024,0.13117899,-0.19038457,-0.0574515,0.22725838,0.032981016,0.22038585,0.21057858,-0.121699594,-0.19940577,-0.23604546,0.2514328,-0.13178258,-0.12900162,-0.013376565,0.202798,-0.0032659455,0.028237792,0.021089759,-0.0030207408,-0.196237,0.1210006,0.23786098,0.11108235,-0.041263763,-0.21878546,-0.004070415,-0.20397736,-0.1321571,-0.091722704,-0.107154936,0.12901762,8.84255
PC8,0.054351445,0.13651787,0.1456092,-0.26283693,-0.1580621,0.043701917,-0.23085998,-0.15079357,0.2142932,-0.03490052,-0.18353696,-0.22557983,-0.022353137,-0.2142055,0.26858085,0.07771577,0.0016827991,-0.18649611,0.16727175,0.12212095,-0.10939491,-0.07619056,0.06871046,-0.1868506,-0.13289097,-0.21854997,0.14888349,-0.0070061977,0.11321861,0.04820175,0.09043047,0.17263761,-0.17087734,0.22700049,0.18558589,0.04617708,-0.03281945,0.25001445,-0.09250121,-0.16146345,0.032395765,-0.13521971,0.17597204,-0.26020613,0.14241998,0.20329681,-0.0426776,-0.23661087,-0.09688203,-0.21357429,-0.21179247,0.23102288,0.1504969,0.19484815,-0.06527569,-0.099177524,0.20028003,-0.13419215,0.24680972,0.18188968,0.008251157,0.110063605,0.23712657,-0.034809977,9.086166
PC9,0.24801505,0.18503928,0.0010784663,0.17881674,-0.11121613,-0.027689975,0.089628674,0.08712728,-0.093258835,-0.16842449,0.07522274,-0.18660067,-0.22637303,-0.07759122,-0.10945111,0.17788789,-0.23489816,-0.031225575,-0.2502813,-0.07541396,0.1354142,-0.25446555,-0.21553065,-0.0027403394,-0.24404517,0.12804307,-0.1020475,-0.08415788,-0.001655642,-0.04189215,0.25152126,0.15804343,0.14501582,-0.090297505,0.09213886,-0.09240147,0.17819954,-0.09658434,-0.13475975,-0.18979967,0.11660246,0.1892392,0.10545216,0.25487193,-0.06796467,0.113129154,-0.027807996,-0.23500651,-0.02279095,-0.016293285,-0.13060032,0.04973394,-0.027925707,-0.048760056,-0.16869117,-0.124679185,-0.17150052,0.20885842,-0.05644659,-0.050659608,-0.024586031,-0.25059083,-0.05628163,-0.051933344,7.8443995
PC10,-0.16912161,-0.06728758,0.048601337,-0.1356973,0.23206687,0.11637149,-0.09784235,0.12560266,-0.2636604,-0.26677635,-0.10798426,0.0044067977,0.24340902,0.07218103,-0.07738835,-0.23651622,-0.17853604,0.17203699,-0.28119954,0.09718694,-0.2168718,0.23791806,-0.09436153,0.22333577,-0.09727209,0.1669291,0.011034863,-0.20391211,0.022885598,-0.017076261,-0.23504725,0.23977818,-0.22591469,0.05566974,0.069424756,-0.19842876,-0.22689213,0.14564137,-0.057100512,0.01492796,-0.12040794,-0.16728106,-0.14564332,0.08408662,0.061954953,-0.12115719,-0.23921256,-0.05937048,0.257287,0.011123208,0.08960774,0.2519783,-0.22640334,0.12561746,0.1491849,-0.14487611,-0.16236548,0.2310082,-0.1906031,-0.04076442,0.03817983,0.18904543,-0.07523295,0.12686749,9.063555
PC11,-0.23063624,-0.07780463,-0.14955948,-0.21547283,0.113296114,0.25471702,-0.05457578,0.0051762527,0.024091786,-0.01429369,0.02069655,-0.25078592,-0.23454906,-0.04207938,-0.25330514,-0.18330976,-0.15941879,0.04828864,-0.147909,-0.019733716,-0.07448249,0.05697334,0.11225233,-0.2676162,0.2354207,0.19660105,0.07132098,-0.07738376,0.24205501,0.13453148,0.12271688,0.20186065,-0.20826164,-0.05360736,-0.057203975,0.19887005,0.13125467,0.25214216,-0.11313037,-0.12115535,0.13316272,-0.23797661,0.17839678,-0.23271114,-0.070364684,0.00062189857,-0.12021543,-0.23217481,0.15674984,0.2560377,0.05132919,-0.0012461303,-0.21029636,0.25855607,-0.032852337,-0.07254067,0.10616971,-0.21480978,0.26925606,0.24788304,-0.14595564,0.047362857,0.13683523,-0.2714877,9.113533
PC12,0.12528577,-0.11862661,-0.17624633,0.2238122,0.12839776,0.12828857,-0.19373342,0.017443305,-0.25183976,0.121821254,-0.21805401,-0.018483499,-0.23511589,-0.13000967,-0.013362747,0.2344517,-0.051450852,-0.25833207,-0.0719,-0.05982045,-0.2029938,-0.02020691,0.011661979,-0.1922864,0.22550005,-0.101529375,0.16971202,-0.24971925,-0.15867504,-0.24117815,0.23525508,-0.01867088,0.11437863,-0.08377206,0.015799731,-0.2462657,-0.14309703,-0.21834588,-0.19305874,0.23663193,0.14941299,-0.022155622,0.018973919,-0.052852128,0.034544773,-0.17013258,-0.17333727,0.21353807,0.1480092,0.2181023,0.009400111,-0.023267975,-0.124664575,0.21339962,0.022071803,-0.0059838616,0.123132266,0.102077894,-0.19288522,-0.25173002,0.26118606,-0.10465875,0.1498879,-0.19437005,8.83499
PC13,0.03262822,0.26417837,0.16641511,-0.111298844,0.21897745,0.09374075,-0.12867042,0.054367065,0.10919965,0.05957106,-0.01892021,-0.112518005,0.088966876,-0.13735105,-0.22501642,-0.2679458,-0.25948784,0.0009145247,0.17568882,0.02963108,-0.24561761,0.10636937,0.06590318,0.16605388,0.11626304,0.17629376,0.112201095,0.1025659,0.07336387,-0.07320325,-0.18208979,0.04076284,-0.18923533,-0.19426408,0.02971072,-0.08558049,0.09352533,-0.25335103,-0.040395286,-0.08667483,-0.1229594,0.18376395,0.107994296,-0.2187162,-0.19917461,0.0047340635,-0.1984111,-0.036852058,-0.15361841,0.06660754,0.24139589,0.18822984,-0.25143883,0.009875538,-0.0145934615,0.121968366,-0.014996586,0.20755066,0.17230023,0.1833695,0.19491936,0.1373001,0.23883961,0.12595765,8.3844795
PC14,0.038375165,-0.24183868,0.051460348,-0.14014724,0.122250505,-0.1537455,0.024288343,-0.10815693,0.024913002,0.22592269,-0.21427648,0.22295985,0.10817044,0.08812958,0.10171139,-0.0622922,0.22160773,-0.19287299,-0.07740084,0.1957228,0.25359675,-0.02729594,-0.13447818,0.092207395,-0.0033218754,-0.17148353,-0.003916447,0.1696003,-0.0609968,-0.04088295,0.17543295,0.093408026,0.1823227,-0.036884557,-0.11737364,-0.028309254,0.20722196,0.006603472,0.029153876,0.110759795,0.05917098,0.15375602,0.006517109,-0.23408629,0.18024766,-0.25923884,0.06538744,0.23715892,-0.10925044,0.08912228,0.09172588,0.21126306,-0.15910096,0.19845071,0.15540695,-0.16266489,-0.04706355,-0.24819992,0.0074543306,-0.11216113,-0.023624562,0.17496504,-0.037502512,0.20377068,7.7887836
PC15,-0.09461872,-0.019639336,-0.068446316,0.22314572,-0.114579,0.18839832,-0.18685,0.14779672,0.06676559,-0.24864939,0.23094833,0.11595331,-0.14042276,-0.24531606,0.07957858,0.13671954,0.081727356,0.08360864,-0.23009978,0.06016176,-0.13434803,0.23543082,0.00953149,-0.09244265,-0.11390301,0.10881717,-0.11708974,0.21424235,-0.2581072,0.19223686,0.26866356,-0.1200704,0.18982676,-0.07739068,-0.22948721,0.25863636,0.20436034,-0.25028867,-0.2561836,-0.20313458,0.004455536,-0.13687563,0.12324077,-0.22012015,-0.05827893,0.19378206,-0.109199375,0.09322288,-0.0024542755,-0.25634712,-0.064529255,-0.1996182,0.02247135,0.06926179,0.2284907,0.22344175,0.203408,-0.106002435,-0.10488722,0.21008208,-0.040677294,0.17250441,0.10444699,-0.013188873,9.258604
PC16,0.16350077,0.044380005,0.21792187,0.008678795,-0.20211504,-0.072533205,-0.24240476,0.13331261,0.20019762,-0.23246399,0.080531314,-0.24416202,-0.2428474,0.19621214,0.15752612,0.01615752,-0.11753924,0.21689561,0.13907807,0.046708427,0.12219984,-0.103071146,0.14081138,0.0325723,0.04414855,-0.02301918,-0.057142753,-0.14164448,0.08088998,-0.22044487,-0.03202962,-0.108242996,-0.150221,0.007953369,-0.23850542,-0.026249599,0.25031924,-0.18341172,0.004095077,-0.05832302,-0.1861196,-0.14838116,0.003865665,-0.06404851,0.17659609,-0.2102922,-0.06462904,0.25797597,-0.25117308,0.1008114,0.18702169,-0.21527927,0.12437679,-0.18611574,-0.009142221,-0.027079824,-0.20007244,0.1874055,-0.25895944,0.18779077,0.26562864,0.09357542,0.07738531,0.18921152,8.673399
PC17,-0.039613828,0.14659087,-0.23993492,-0.166211,-0.080155775,-0.22239077,0.106100045,-0.16517873,0.25529775,-0.043596186,0.091201946,0.23700196,0.114654504,-0.13046318,-0.09564488,0.0432056,0.05086475,-0.22695936,-0.24989954,0.10896554,-0.19777358,0.040234927,-0.034370232,0.008898234,-0.12942648,0.18520276,-0.2508444,-0.125142,-0.14815603,-0.104159705,0.18404624,0.15447152,-0.14509793,-0.15141703,0.05959345,-0.23227635,-0.21020816,0.040218085,0.14675812,-0.03823117,0.14239848,0.18264627,-0.20004997,-0.23046038,-0.19913717,0.018691273,-0.17600404,0.1954485,-0.14217268,-0.14772171,-0.058945972,0.08398767,0.2510301,-0.0006050738,-0.06696476,0.23569712,-0.10556015,0.1629467,0.02765571,-0.009196431,0.021541506,0.2406891,0.11870753,-0.058010694,8.476727
PC18,0.09397716,0.16587366,0.011463863,-0.013454047,0.028541835,-0.26132128,-0.18831658,0.23270385,0.10986737,0.034262817,-0.25884226,-0.104709886,0.05750593,-0.15785043,0.22753586,0.26380053,0.19381678,-0.23589092,-0.15664917,-0.06785466,-0.19311456,0.21419202,0.0877224,0.18142983,0.12761286,-0.07250635,0.10668886,-0.053114854,0.24789841,0.19758074,0.18782228,0.13067017,-0.048305742,0.01579606,0.17384192,-0.07487762,-0.22607583,-0.21322891,-0.0045331004,-0.12240893,0.23591416,0.24361199,0.10525124,-0.022952901,-0.05552914,-0.0045904517,0.157149,-0.20464773,0.020933423,0.046953253,-0.2173522,0.0048784297,-0.20073096,0.15065557,0.11402765,0.022084715,-0.17256743,-0.07394027,-0.18809499,0.116427325,-0.122966416,-0.17765969,0.07711768,0.08309261,8.362789
PC19,0.19636108,-0.046792503,-0.03169695,0.13818467,0.22409765,0.11696997,0.060849357,-0.2560126,0.1407603,0.23417592,0.18031253,0.13213536,-0.21701093,-0.046076648,-0.10274058,-0.010056907,0.23816387,-0.17489739,-0.1795918,0.073320426,-0.1575136,-0.003943075,0.06596786,0.13949026,-0.09602309,-0.14667015,-0.0019395933,0.13756344,-0.24004675,0.113761604,-0.07167823,-0.02648701,-0.06651232,0.073043086,0.17601267,-0.26454937,0.08265315,0.24266477,-0.12562291,0.19178317,-0.18844245,-0.16242269,-0.16411458,0.23125586,-0.045961894,-0.021099184,-0.05797432,-0.1296932,0.22475795,0.075491965,0.14078967,-0.21015996,0.1555371,0.14075513,0.174937,-0.098738596,0.2404631,0.03927404,0.0030352701,0.01962305,-0.015463142,-0.12870221,0.07439509,-0.009497852,7.976719
PC20,0.26681075,0.07145465,-0.11242645,-0.20730264,-0.12744574,0.034451038,-0.18125482,-0.11923573,0.09286497,0.20879917,0.1724807,0.13778423,0.06596265,0.2619319,-0.07445556,-0.253711,-0.17863694,0.0003069741,-0.12654139,-0.16964523,0.07197661,-0.0028504934,0.17046566,-0.12227483,-0.054490693,-0.23306055,-0.048356343,0.2408328,-0.13481458,0.14788873,0.14028566,-0.042200815,0.18053931,-0.05629894,0.14915846,0.23094721,0.063883856,0.011515813,-0.018404493,0.17734484,-0.07737886,0.23643202,0.21993881,-0.052269343,-0.25540552,0.18762504,-0.0742712,-0.23869616,-0.22959498,0.05003815,0.025443727,-0.21319115,-0.056061357,-0.06055447,0.01723329,0.06534463,-0.2440227,0.015294988,-0.16145402,0.12063694,-0.21558098,0.20656154,0.10657762,0.035457157,8.326159
PC21,0.19606516,-0.017500836,-0.15223788,0.17681941,-0.074085206,-0.11211122,-0.039302982,0.13694474,0.04781277,-0.07562299,-0.10767909,-0.22658974,-0.2153493,-0.20209593,-0.02257124,0.089697555,0.13903871,-0.08896569,0.065731175,-0.13600552,0.08214737,-0.0718917,0.039866455,0.12141826,0.14385004,0.06306555,0.24379945,0.21854845,0.15320194,0.068170704,-0.10374531,-0.15037575,0.2549781,-0.23586403,0.25396016,0.20715566,0.22949934,0.22843237,0.15036729,-0.23336504,-0.036517724,-0.23377368,-0.018907463,0.23288971,-0.21522345,0.23217966,-0.07806755,0.07357779,0.13774897,0.0063323868,0.075626396,0.19350497,-0.25586936,0.07924364,-0.051060207,0.08468385,0.015042249,-0.14107919,0.14757487,-0.09255001,-0.094355784,-0.1811119,-0.024998749,-0.155667,8.4335165
PC22,0.17992477,0.036906123,-0.12607116,-0.20090689,-0.21773806,-0.22499236,-0.26679966,0.25072542,-0.12709023,-0.24054217,-0.20737094,0.22971056,0.20644493,-0.030716581,-0.21364287,-0.2372538,-0.10261291,-0.25970563,0.2309746,0.11711055,0.026038479,-0.091463126,0.06353748,-0.18451051,-0.16803288,0.15608542,-0.19667917,0.05002146,-0.16930617,-0.09046832,0.096805565,-0.11406126,-0.08464503,0.062294032,0.22732499,-0.068193235,0.20343,-0.12011142,-0.09929666,-0.23992182,0.061487794,0.0017637522,-0.23544548,0.054663435,-0.2237255,-0.17581603,0.18372455,0.024604402,0.18359953,0.14304328,-0.13434616,0.15119785,-0.104470566,0.27362418,0.07656345,0.01252447,-0.05185661,0.18497567,0.23195997,0.22310686,0.028606452,-0.15542145,0.09205097,-0.09520863,9.323255
