outcome,component,component_number,feature,loading,abs_loading,explained_variance_ratio_component,explained_variance_percent_component,cumulative_variance_percent_at_component
victimization,PC1,1,PAÍS,-0.01537733390806755,0.01537733390806755,0.22036727840950515,22.036727840950515,22.036727840950515
victimization,PC1,1,ETNIA.BN,0.008723336230154276,0.008723336230154276,0.22036727840950515,22.036727840950515,22.036727840950515
victimization,PC1,1,EDAD,0.008023518471027736,0.008023518471027736,0.22036727840950515,22.036727840950515,22.036727840950515
victimization,PC1,1,FUGAS.BN,0.00331029393157958,0.00331029393157958,0.22036727840950515,22.036727840950515,22.036727840950515
victimization,PC1,1,ABUSOSUBS1,-0.015322702586267235,0.015322702586267235,0.22036727840950515,22.036727840950515,22.036727840950515
victimization,PC1,1,ABUSOSUBS2,0.01200097173427306,0.01200097173427306,0.22036727840950515,22.036727840950515,22.036727840950515
victimization,PC1,1,CONVIVEN.1,-0.007524796651652991,0.007524796651652991,0.22036727840950515,22.036727840950515,22.036727840950515
victimization,PC1,1,CONVIVEN.2,0.004048589397903329,0.004048589397903329,0.22036727840950515,22.036727840950515,22.036727840950515
victimization,PC1,1,CONVIVEN.3,-0.0070428032387007755,0.0070428032387007755,0.22036727840950515,22.036727840950515,22.036727840950515
victimization,PC1,1,CONVIVEN.4,0.004445162664590204,0.004445162664590204,0.22036727840950515,22.036727840950515,22.036727840950515
victimization,PC1,1,CONVIVEN_H,-0.03167350935342915,0.03167350935342915,0.22036727840950515,22.036727840950515,22.036727840950515
victimization,PC1,1,CONVIVEN_0,0.0008748722644515969,0.0008748722644515969,0.22036727840950515,22.036727840950515,22.036727840950515
victimization,PC1,1,AUTOEFIC.MEAN,0.04367985799151077,0.04367985799151077,0.22036727840950515,22.036727840950515,22.036727840950515
victimization,PC1,1,AUTOEFIC.VAR,-0.014866959689187303,0.014866959689187303,0.22036727840950515,22.036727840950515,22.036727840950515
victimization,PC1,1,IMPULS.MEAN,0.0037829482351656144,0.0037829482351656144,0.22036727840950515,22.036727840950515,22.036727840950515
victimization,PC1,1,IMPULS.MEDIAN,0.005498765004573425,0.005498765004573425,0.22036727840950515,22.036727840950515,22.036727840950515
victimization,PC1,1,IMPULS.VAR,-0.02395718382752343,0.02395718382752343,0.22036727840950515,22.036727840950515,22.036727840950515
victimization,PC1,1,APOYO.MEAN,0.013011865036341901,0.013011865036341901,0.22036727840950515,22.036727840950515,22.036727840950515
victimization,PC1,1,APOYO.MEDIAN,0.01529100606992896,0.01529100606992896,0.22036727840950515,22.036727840950515,22.036727840950515
victimization,PC1,1,APOYO.VAR,-0.009916492978192904,0.009916492978192904,0.22036727840950515,22.036727840950515,22.036727840950515
victimization,PC1,1,MORAL.MEAN,-0.03676691178751081,0.03676691178751081,0.22036727840950515,22.036727840950515,22.036727840950515
victimization,PC1,1,MORAL.VAR,0.01192364774345954,0.01192364774345954,0.22036727840950515,22.036727840950515,22.036727840950515
victimization,PC1,1,PORNO.T,0.21289213076898772,0.21289213076898772,0.22036727840950515,22.036727840950515,22.036727840950515
victimization,PC1,1,GENERO.BN0,0.49332730590783436,0.49332730590783436,0.22036727840950515,22.036727840950515,22.036727840950515
victimization,PC1,1,ORIENTSEX.BN0,0.09214507080982458,0.09214507080982458,0.22036727840950515,22.036727840950515,22.036727840950515
victimization,PC1,1,GENERO.BN1,-0.4933273059078339,0.4933273059078339,0.22036727840950515,22.036727840950515,22.036727840950515
victimization,PC1,1,ORIENTSEX.BN1,-0.09214507080982458,0.09214507080982458,0.22036727840950515,22.036727840950515,22.036727840950515
victimization,PC2,2,PAÍS,0.06571777783436122,0.06571777783436122,0.11066746254007609,11.066746254007608,33.10347409495812
victimization,PC2,2,ETNIA.BN,-0.10235592543097081,0.10235592543097081,0.11066746254007609,11.066746254007608,33.10347409495812
victimization,PC2,2,EDAD,-0.05469789309638762,0.05469789309638762,0.11066746254007609,11.066746254007608,33.10347409495812
victimization,PC2,2,FUGAS.BN,-0.0858807668947189,0.0858807668947189,0.11066746254007609,11.066746254007608,33.10347409495812
victimization,PC2,2,ABUSOSUBS1,-0.04808955815084043,0.04808955815084043,0.11066746254007609,11.066746254007608,33.10347409495812
victimization,PC2,2,ABUSOSUBS2,-0.03698133508858255,0.03698133508858255,0.11066746254007609,11.066746254007608,33.10347409495812
victimization,PC2,2,CONVIVEN.1,0.08476648914169378,0.08476648914169378,0.11066746254007609,11.066746254007608,33.10347409495812
victimization,PC2,2,CONVIVEN.2,0.27407027933406974,0.27407027933406974,0.11066746254007609,11.066746254007608,33.10347409495812
victimization,PC2,2,CONVIVEN.3,-0.056650416966511165,0.056650416966511165,0.11066746254007609,11.066746254007608,33.10347409495812
victimization,PC2,2,CONVIVEN.4,-0.008059562475934739,0.008059562475934739,0.11066746254007609,11.066746254007608,33.10347409495812
victimization,PC2,2,CONVIVEN_H,0.3428200084431438,0.3428200084431438,0.11066746254007609,11.066746254007608,33.10347409495812
victimization,PC2,2,CONVIVEN_0,-0.05641220290153247,0.05641220290153247,0.11066746254007609,11.066746254007608,33.10347409495812
victimization,PC2,2,AUTOEFIC.MEAN,0.02942484496897826,0.02942484496897826,0.11066746254007609,11.066746254007608,33.10347409495812
victimization,PC2,2,AUTOEFIC.VAR,-0.021737669016472387,0.021737669016472387,0.11066746254007609,11.066746254007608,33.10347409495812
victimization,PC2,2,IMPULS.MEAN,0.0025571893221312068,0.0025571893221312068,0.11066746254007609,11.066746254007608,33.10347409495812
victimization,PC2,2,IMPULS.MEDIAN,0.0036971305474379373,0.0036971305474379373,0.11066746254007609,11.066746254007608,33.10347409495812
victimization,PC2,2,IMPULS.VAR,-0.0016632090209667614,0.0016632090209667614,0.11066746254007609,11.066746254007608,33.10347409495812
victimization,PC2,2,APOYO.MEAN,0.0537669847330534,0.0537669847330534,0.11066746254007609,11.066746254007608,33.10347409495812
victimization,PC2,2,APOYO.MEDIAN,0.06384533675094359,0.06384533675094359,0.11066746254007609,11.066746254007608,33.10347409495812
victimization,PC2,2,APOYO.VAR,-0.04800356619148786,0.04800356619148786,0.11066746254007609,11.066746254007608,33.10347409495812
victimization,PC2,2,MORAL.MEAN,0.02491118165002467,0.02491118165002467,0.11066746254007609,11.066746254007608,33.10347409495812
victimization,PC2,2,MORAL.VAR,-0.019923199432504243,0.019923199432504243,0.11066746254007609,11.066746254007608,33.10347409495812
victimization,PC2,2,PORNO.T,-0.03612650677697119,0.03612650677697119,0.11066746254007609,11.066746254007608,33.10347409495812
victimization,PC2,2,GENERO.BN0,-0.005571528201363829,0.005571528201363829,0.11066746254007609,11.066746254007608,33.10347409495812
victimization,PC2,2,ORIENTSEX.BN0,0.12435729509229537,0.12435729509229537,0.11066746254007609,11.066746254007608,33.10347409495812
victimization,PC2,2,GENERO.BN1,0.00557152820136459,0.00557152820136459,0.11066746254007609,11.066746254007608,33.10347409495812
victimization,PC2,2,ORIENTSEX.BN1,-0.12435729509229537,0.12435729509229537,0.11066746254007609,11.066746254007608,33.10347409495812
victimization,PC3,3,PAÍS,-0.0400572046016544,0.0400572046016544,0.08995069217065887,8.995069217065888,42.09854331202401
victimization,PC3,3,ETNIA.BN,0.0817852385380059,0.0817852385380059,0.08995069217065887,8.995069217065888,42.09854331202401
victimization,PC3,3,EDAD,-0.04339370756370683,0.04339370756370683,0.08995069217065887,8.995069217065888,42.09854331202401
victimization,PC3,3,FUGAS.BN,-0.03192180653096908,0.03192180653096908,0.08995069217065887,8.995069217065888,42.09854331202401
victimization,PC3,3,ABUSOSUBS1,-0.04126998321895357,0.04126998321895357,0.08995069217065887,8.995069217065888,42.09854331202401
victimization,PC3,3,ABUSOSUBS2,-0.013902044152424183,0.013902044152424183,0.08995069217065887,8.995069217065888,42.09854331202401
victimization,PC3,3,CONVIVEN.1,-0.026424362005493886,0.026424362005493886,0.08995069217065887,8.995069217065888,42.09854331202401
victimization,PC3,3,CONVIVEN.2,-0.106571020049882,0.106571020049882,0.08995069217065887,8.995069217065888,42.09854331202401
victimization,PC3,3,CONVIVEN.3,0.018510280338724937,0.018510280338724937,0.08995069217065887,8.995069217065888,42.09854331202401
victimization,PC3,3,CONVIVEN.4,0.0007890584403747317,0.0007890584403747317,0.08995069217065887,8.995069217065888,42.09854331202401
victimization,PC3,3,CONVIVEN_H,-0.13416101643670408,0.13416101643670408,0.08995069217065887,8.995069217065888,42.09854331202401
victimization,PC3,3,CONVIVEN_0,0.004032943675717032,0.004032943675717032,0.08995069217065887,8.995069217065888,42.09854331202401
victimization,PC3,3,AUTOEFIC.MEAN,0.025459695659261285,0.025459695659261285,0.08995069217065887,8.995069217065888,42.09854331202401
victimization,PC3,3,AUTOEFIC.VAR,-0.002610452087239043,0.002610452087239043,0.08995069217065887,8.995069217065888,42.09854331202401
victimization,PC3,3,IMPULS.MEAN,-0.005725798148486088,0.005725798148486088,0.08995069217065887,8.995069217065888,42.09854331202401
victimization,PC3,3,IMPULS.MEDIAN,-0.007789916475421347,0.007789916475421347,0.08995069217065887,8.995069217065888,42.09854331202401
victimization,PC3,3,IMPULS.VAR,0.002144176709712131,0.002144176709712131,0.08995069217065887,8.995069217065888,42.09854331202401
victimization,PC3,3,APOYO.MEAN,0.035025804902929905,0.035025804902929905,0.08995069217065887,8.995069217065888,42.09854331202401
victimization,PC3,3,APOYO.MEDIAN,0.043238865264476026,0.043238865264476026,0.08995069217065887,8.995069217065888,42.09854331202401
victimization,PC3,3,APOYO.VAR,-0.028766241465628544,0.028766241465628544,0.08995069217065887,8.995069217065888,42.09854331202401
victimization,PC3,3,MORAL.MEAN,0.0004039014509643516,0.0004039014509643516,0.08995069217065887,8.995069217065888,42.09854331202401
victimization,PC3,3,MORAL.VAR,0.01049933957029174,0.01049933957029174,0.08995069217065887,8.995069217065888,42.09854331202401
victimization,PC3,3,PORNO.T,-0.083886811588877,0.083886811588877,0.08995069217065887,8.995069217065888,42.09854331202401
victimization,PC3,3,GENERO.BN0,-0.04386549577338788,0.04386549577338788,0.08995069217065887,8.995069217065888,42.09854331202401
victimization,PC3,3,ORIENTSEX.BN0,0.28952659660004715,0.28952659660004715,0.08995069217065887,8.995069217065888,42.09854331202401
victimization,PC3,3,GENERO.BN1,0.043865495773391286,0.043865495773391286,0.08995069217065887,8.995069217065888,42.09854331202401
victimization,PC3,3,ORIENTSEX.BN1,-0.28952659660004715,0.28952659660004715,0.08995069217065887,8.995069217065888,42.09854331202401
victimization,PC4,4,PAÍS,-0.140860269452952,0.140860269452952,0.08497248802561183,8.497248802561183,50.595792114585194
victimization,PC4,4,ETNIA.BN,0.2852994473544626,0.2852994473544626,0.08497248802561183,8.497248802561183,50.595792114585194
victimization,PC4,4,EDAD,-0.03541070369673435,0.03541070369673435,0.08497248802561183,8.497248802561183,50.595792114585194
victimization,PC4,4,FUGAS.BN,0.03841493081039128,0.03841493081039128,0.08497248802561183,8.497248802561183,50.595792114585194
victimization,PC4,4,ABUSOSUBS1,-0.04245090368006489,0.04245090368006489,0.08497248802561183,8.497248802561183,50.595792114585194
victimization,PC4,4,ABUSOSUBS2,-0.015620795556071064,0.015620795556071064,0.08497248802561183,8.497248802561183,50.595792114585194
victimization,PC4,4,CONVIVEN.1,-0.005145216259365204,0.005145216259365204,0.08497248802561183,8.497248802561183,50.595792114585194
victimization,PC4,4,CONVIVEN.2,-0.13280119351463235,0.13280119351463235,0.08497248802561183,8.497248802561183,50.595792114585194
victimization,PC4,4,CONVIVEN.3,0.06022523609630595,0.06022523609630595,0.08497248802561183,8.497248802561183,50.595792114585194
victimization,PC4,4,CONVIVEN.4,0.015480376357392264,0.015480376357392264,0.08497248802561183,8.497248802561183,50.595792114585194
victimization,PC4,4,CONVIVEN_H,0.27096164610777423,0.27096164610777423,0.08497248802561183,8.497248802561183,50.595792114585194
victimization,PC4,4,CONVIVEN_0,0.04353365299801704,0.04353365299801704,0.08497248802561183,8.497248802561183,50.595792114585194
victimization,PC4,4,AUTOEFIC.MEAN,-0.011536797293834763,0.011536797293834763,0.08497248802561183,8.497248802561183,50.595792114585194
victimization,PC4,4,AUTOEFIC.VAR,0.012724662445022267,0.012724662445022267,0.08497248802561183,8.497248802561183,50.595792114585194
victimization,PC4,4,IMPULS.MEAN,-0.003410767503532493,0.003410767503532493,0.08497248802561183,8.497248802561183,50.595792114585194
victimization,PC4,4,IMPULS.MEDIAN,-0.00969059970474887,0.00969059970474887,0.08497248802561183,8.497248802561183,50.595792114585194
victimization,PC4,4,IMPULS.VAR,-0.001025992175701365,0.001025992175701365,0.08497248802561183,8.497248802561183,50.595792114585194
victimization,PC4,4,APOYO.MEAN,-0.05209808633989456,0.05209808633989456,0.08497248802561183,8.497248802561183,50.595792114585194
victimization,PC4,4,APOYO.MEDIAN,-0.05896353762519468,0.05896353762519468,0.08497248802561183,8.497248802561183,50.595792114585194
victimization,PC4,4,APOYO.VAR,0.05697396099888442,0.05697396099888442,0.08497248802561183,8.497248802561183,50.595792114585194
victimization,PC4,4,MORAL.MEAN,-0.028538654857290315,0.028538654857290315,0.08497248802561183,8.497248802561183,50.595792114585194
victimization,PC4,4,MORAL.VAR,0.023582679769977303,0.023582679769977303,0.08497248802561183,8.497248802561183,50.595792114585194
victimization,PC4,4,PORNO.T,-0.0013144021154742659,0.0013144021154742659,0.08497248802561183,8.497248802561183,50.595792114585194
victimization,PC4,4,GENERO.BN0,0.007616937762615383,0.007616937762615383,0.08497248802561183,8.497248802561183,50.595792114585194
victimization,PC4,4,ORIENTSEX.BN0,-0.006777855671192835,0.006777855671192835,0.08497248802561183,8.497248802561183,50.595792114585194
victimization,PC4,4,GENERO.BN1,-0.007616937762615974,0.007616937762615974,0.08497248802561183,8.497248802561183,50.595792114585194
victimization,PC4,4,ORIENTSEX.BN1,0.006777855671192842,0.006777855671192842,0.08497248802561183,8.497248802561183,50.595792114585194
victimization,PC5,5,PAÍS,0.04838587471541248,0.04838587471541248,0.06835982173094263,6.835982173094263,57.431774287679445
victimization,PC5,5,ETNIA.BN,-0.11000809841554972,0.11000809841554972,0.06835982173094263,6.835982173094263,57.431774287679445
victimization,PC5,5,EDAD,0.19002610036991854,0.19002610036991854,0.06835982173094263,6.835982173094263,57.431774287679445
victimization,PC5,5,FUGAS.BN,0.13129598236762127,0.13129598236762127,0.06835982173094263,6.835982173094263,57.431774287679445
victimization,PC5,5,ABUSOSUBS1,0.18900987065164082,0.18900987065164082,0.06835982173094263,6.835982173094263,57.431774287679445
victimization,PC5,5,ABUSOSUBS2,0.12216994544804559,0.12216994544804559,0.06835982173094263,6.835982173094263,57.431774287679445
victimization,PC5,5,CONVIVEN.1,0.000834988374758839,0.000834988374758839,0.06835982173094263,6.835982173094263,57.431774287679445
victimization,PC5,5,CONVIVEN.2,-0.12831923418076907,0.12831923418076907,0.06835982173094263,6.835982173094263,57.431774287679445
victimization,PC5,5,CONVIVEN.3,0.051871092792830684,0.051871092792830684,0.06835982173094263,6.835982173094263,57.431774287679445
victimization,PC5,5,CONVIVEN.4,0.009641456812875236,0.009641456812875236,0.06835982173094263,6.835982173094263,57.431774287679445
victimization,PC5,5,CONVIVEN_H,0.12395433937425192,0.12395433937425192,0.06835982173094263,6.835982173094263,57.431774287679445
victimization,PC5,5,CONVIVEN_0,-0.006055641524009851,0.006055641524009851,0.06835982173094263,6.835982173094263,57.431774287679445
victimization,PC5,5,AUTOEFIC.MEAN,-0.0072054593189968,0.0072054593189968,0.06835982173094263,6.835982173094263,57.431774287679445
victimization,PC5,5,AUTOEFIC.VAR,-0.0001937147728205713,0.0001937147728205713,0.06835982173094263,6.835982173094263,57.431774287679445
victimization,PC5,5,IMPULS.MEAN,-0.000603192306257624,0.000603192306257624,0.06835982173094263,6.835982173094263,57.431774287679445
victimization,PC5,5,IMPULS.MEDIAN,0.0010147699819869848,0.0010147699819869848,0.06835982173094263,6.835982173094263,57.431774287679445
victimization,PC5,5,IMPULS.VAR,-0.024498960884678487,0.024498960884678487,0.06835982173094263,6.835982173094263,57.431774287679445
victimization,PC5,5,APOYO.MEAN,0.010836659557157298,0.010836659557157298,0.06835982173094263,6.835982173094263,57.431774287679445
victimization,PC5,5,APOYO.MEDIAN,0.014570491775534657,0.014570491775534657,0.06835982173094263,6.835982173094263,57.431774287679445
victimization,PC5,5,APOYO.VAR,-0.010997030660352382,0.010997030660352382,0.06835982173094263,6.835982173094263,57.431774287679445
victimization,PC5,5,MORAL.MEAN,0.011760518485705041,0.011760518485705041,0.06835982173094263,6.835982173094263,57.431774287679445
victimization,PC5,5,MORAL.VAR,-0.0046227056564903555,0.0046227056564903555,0.06835982173094263,6.835982173094263,57.431774287679445
victimization,PC5,5,PORNO.T,0.08751369177550145,0.08751369177550145,0.06835982173094263,6.835982173094263,57.431774287679445
victimization,PC5,5,GENERO.BN0,-0.02567993626599567,0.02567993626599567,0.06835982173094263,6.835982173094263,57.431774287679445
victimization,PC5,5,ORIENTSEX.BN0,0.06726635652920233,0.06726635652920233,0.06835982173094263,6.835982173094263,57.431774287679445
victimization,PC5,5,GENERO.BN1,0.02567993626599617,0.02567993626599617,0.06835982173094263,6.835982173094263,57.431774287679445
victimization,PC5,5,ORIENTSEX.BN1,-0.06726635652920233,0.06726635652920233,0.06835982173094263,6.835982173094263,57.431774287679445
victimization,PC6,6,PAÍS,-0.06770693431110329,0.06770693431110329,0.05792716537054275,5.792716537054275,63.22449082473373
victimization,PC6,6,ETNIA.BN,0.17877802912432636,0.17877802912432636,0.05792716537054275,5.792716537054275,63.22449082473373
victimization,PC6,6,EDAD,0.10823151038803745,0.10823151038803745,0.05792716537054275,5.792716537054275,63.22449082473373
victimization,PC6,6,FUGAS.BN,0.11098868611791085,0.11098868611791085,0.05792716537054275,5.792716537054275,63.22449082473373
victimization,PC6,6,ABUSOSUBS1,0.08610368834852458,0.08610368834852458,0.05792716537054275,5.792716537054275,63.22449082473373
victimization,PC6,6,ABUSOSUBS2,0.05851258729884034,0.05851258729884034,0.05792716537054275,5.792716537054275,63.22449082473373
victimization,PC6,6,CONVIVEN.1,0.0006942824577329331,0.0006942824577329331,0.05792716537054275,5.792716537054275,63.22449082473373
victimization,PC6,6,CONVIVEN.2,0.22803039550298587,0.22803039550298587,0.05792716537054275,5.792716537054275,63.22449082473373
victimization,PC6,6,CONVIVEN.3,-0.10108169416430125,0.10108169416430125,0.05792716537054275,5.792716537054275,63.22449082473373
victimization,PC6,6,CONVIVEN.4,-0.009018755654431969,0.009018755654431969,0.05792716537054275,5.792716537054275,63.22449082473373
victimization,PC6,6,CONVIVEN_H,-0.07845226505414318,0.07845226505414318,0.05792716537054275,5.792716537054275,63.22449082473373
victimization,PC6,6,CONVIVEN_0,-0.017203726572908903,0.017203726572908903,0.05792716537054275,5.792716537054275,63.22449082473373
victimization,PC6,6,AUTOEFIC.MEAN,0.001830486471173317,0.001830486471173317,0.05792716537054275,5.792716537054275,63.22449082473373
victimization,PC6,6,AUTOEFIC.VAR,-0.004919704244139763,0.004919704244139763,0.05792716537054275,5.792716537054275,63.22449082473373
victimization,PC6,6,IMPULS.MEAN,-0.0020748099172203105,0.0020748099172203105,0.05792716537054275,5.792716537054275,63.22449082473373
victimization,PC6,6,IMPULS.MEDIAN,-0.00392331624466436,0.00392331624466436,0.05792716537054275,5.792716537054275,63.22449082473373
victimization,PC6,6,IMPULS.VAR,-0.01151353390892466,0.01151353390892466,0.05792716537054275,5.792716537054275,63.22449082473373
victimization,PC6,6,APOYO.MEAN,-0.012842469067447893,0.012842469067447893,0.05792716537054275,5.792716537054275,63.22449082473373
victimization,PC6,6,APOYO.MEDIAN,-0.014735030144455336,0.014735030144455336,0.05792716537054275,5.792716537054275,63.22449082473373
victimization,PC6,6,APOYO.VAR,0.015624865587524786,0.015624865587524786,0.05792716537054275,5.792716537054275,63.22449082473373
victimization,PC6,6,MORAL.MEAN,-0.012455515486217884,0.012455515486217884,0.05792716537054275,5.792716537054275,63.22449082473373
victimization,PC6,6,MORAL.VAR,0.0052439351475188625,0.0052439351475188625,0.05792716537054275,5.792716537054275,63.22449082473373
victimization,PC6,6,PORNO.T,0.05056057411778165,0.05056057411778165,0.05792716537054275,5.792716537054275,63.22449082473373
victimization,PC6,6,GENERO.BN0,-0.02337875615028383,0.02337875615028383,0.05792716537054275,5.792716537054275,63.22449082473373
victimization,PC6,6,ORIENTSEX.BN0,0.025238635442729647,0.025238635442729647,0.05792716537054275,5.792716537054275,63.22449082473373
victimization,PC6,6,GENERO.BN1,0.02337875615028422,0.02337875615028422,0.05792716537054275,5.792716537054275,63.22449082473373
victimization,PC6,6,ORIENTSEX.BN1,-0.025238635442729675,0.025238635442729675,0.05792716537054275,5.792716537054275,63.22449082473373
victimization,PC7,7,PAÍS,0.06004123559211545,0.06004123559211545,0.048091259918477514,4.809125991847751,68.03361681658147
victimization,PC7,7,ETNIA.BN,-0.07228533999545696,0.07228533999545696,0.048091259918477514,4.809125991847751,68.03361681658147
victimization,PC7,7,EDAD,-0.16893650663127954,0.16893650663127954,0.048091259918477514,4.809125991847751,68.03361681658147
victimization,PC7,7,FUGAS.BN,0.19640902915043595,0.19640902915043595,0.048091259918477514,4.809125991847751,68.03361681658147
victimization,PC7,7,ABUSOSUBS1,-0.014465512600556679,0.014465512600556679,0.048091259918477514,4.809125991847751,68.03361681658147
victimization,PC7,7,ABUSOSUBS2,0.00805959632979848,0.00805959632979848,0.048091259918477514,4.809125991847751,68.03361681658147
victimization,PC7,7,CONVIVEN.1,-0.005505760694019478,0.005505760694019478,0.048091259918477514,4.809125991847751,68.03361681658147
victimization,PC7,7,CONVIVEN.2,0.034752269129331104,0.034752269129331104,0.048091259918477514,4.809125991847751,68.03361681658147
victimization,PC7,7,CONVIVEN.3,0.01064086746273292,0.01064086746273292,0.048091259918477514,4.809125991847751,68.03361681658147
victimization,PC7,7,CONVIVEN.4,0.005709415163547658,0.005709415163547658,0.048091259918477514,4.809125991847751,68.03361681658147
victimization,PC7,7,CONVIVEN_H,-0.0033180096266678845,0.0033180096266678845,0.048091259918477514,4.809125991847751,68.03361681658147
victimization,PC7,7,CONVIVEN_0,-0.0007531798404417736,0.0007531798404417736,0.048091259918477514,4.809125991847751,68.03361681658147
victimization,PC7,7,AUTOEFIC.MEAN,-0.050088679285509564,0.050088679285509564,0.048091259918477514,4.809125991847751,68.03361681658147
victimization,PC7,7,AUTOEFIC.VAR,0.015534328246424608,0.015534328246424608,0.048091259918477514,4.809125991847751,68.03361681658147
victimization,PC7,7,IMPULS.MEAN,0.009167135739689315,0.009167135739689315,0.048091259918477514,4.809125991847751,68.03361681658147
victimization,PC7,7,IMPULS.MEDIAN,0.014449577024043272,0.014449577024043272,0.048091259918477514,4.809125991847751,68.03361681658147
victimization,PC7,7,IMPULS.VAR,-0.0042271465285545875,0.0042271465285545875,0.048091259918477514,4.809125991847751,68.03361681658147
victimization,PC7,7,APOYO.MEAN,-0.10322355412980416,0.10322355412980416,0.048091259918477514,4.809125991847751,68.03361681658147
victimization,PC7,7,APOYO.MEDIAN,-0.12296757658022384,0.12296757658022384,0.048091259918477514,4.809125991847751,68.03361681658147
victimization,PC7,7,APOYO.VAR,0.10049073906576554,0.10049073906576554,0.048091259918477514,4.809125991847751,68.03361681658147
victimization,PC7,7,MORAL.MEAN,-0.03546851055663188,0.03546851055663188,0.048091259918477514,4.809125991847751,68.03361681658147
victimization,PC7,7,MORAL.VAR,0.01838835983196921,0.01838835983196921,0.048091259918477514,4.809125991847751,68.03361681658147
victimization,PC7,7,PORNO.T,0.0017120765013275419,0.0017120765013275419,0.048091259918477514,4.809125991847751,68.03361681658147
victimization,PC7,7,GENERO.BN0,-0.001053715715690505,0.001053715715690505,0.048091259918477514,4.809125991847751,68.03361681658147
victimization,PC7,7,ORIENTSEX.BN0,0.03949728962376049,0.03949728962376049,0.048091259918477514,4.809125991847751,68.03361681658147
victimization,PC7,7,GENERO.BN1,0.0010537157156912237,0.0010537157156912237,0.048091259918477514,4.809125991847751,68.03361681658147
victimization,PC7,7,ORIENTSEX.BN1,-0.03949728962376052,0.03949728962376052,0.048091259918477514,4.809125991847751,68.03361681658147
victimization,PC8,8,PAÍS,-0.02026267802944345,0.02026267802944345,0.040404836538530574,4.040483653853057,72.07410047043453
victimization,PC8,8,ETNIA.BN,0.016458032834656494,0.016458032834656494,0.040404836538530574,4.040483653853057,72.07410047043453
victimization,PC8,8,EDAD,-0.13551779997889465,0.13551779997889465,0.040404836538530574,4.040483653853057,72.07410047043453
victimization,PC8,8,FUGAS.BN,0.13618803945326616,0.13618803945326616,0.040404836538530574,4.040483653853057,72.07410047043453
victimization,PC8,8,ABUSOSUBS1,0.019952011774496615,0.019952011774496615,0.040404836538530574,4.040483653853057,72.07410047043453
victimization,PC8,8,ABUSOSUBS2,0.01914078537062832,0.01914078537062832,0.040404836538530574,4.040483653853057,72.07410047043453
victimization,PC8,8,CONVIVEN.1,-0.0279948204525621,0.0279948204525621,0.040404836538530574,4.040483653853057,72.07410047043453
victimization,PC8,8,CONVIVEN.2,0.003647299354433119,0.003647299354433119,0.040404836538530574,4.040483653853057,72.07410047043453
victimization,PC8,8,CONVIVEN.3,0.018822255266969994,0.018822255266969994,0.040404836538530574,4.040483653853057,72.07410047043453
victimization,PC8,8,CONVIVEN.4,0.012613930064263342,0.012613930064263342,0.040404836538530574,4.040483653853057,72.07410047043453
victimization,PC8,8,CONVIVEN_H,0.0036584637576826348,0.0036584637576826348,0.040404836538530574,4.040483653853057,72.07410047043453
victimization,PC8,8,CONVIVEN_0,0.07870382984399983,0.07870382984399983,0.040404836538530574,4.040483653853057,72.07410047043453
victimization,PC8,8,AUTOEFIC.MEAN,0.04305316262734976,0.04305316262734976,0.040404836538530574,4.040483653853057,72.07410047043453
victimization,PC8,8,AUTOEFIC.VAR,-0.008362298287869191,0.008362298287869191,0.040404836538530574,4.040483653853057,72.07410047043453
victimization,PC8,8,IMPULS.MEAN,-0.01822925239377172,0.01822925239377172,0.040404836538530574,4.040483653853057,72.07410047043453
victimization,PC8,8,IMPULS.MEDIAN,-0.02638693776946533,0.02638693776946533,0.040404836538530574,4.040483653853057,72.07410047043453
victimization,PC8,8,IMPULS.VAR,0.0015468967075756995,0.0015468967075756995,0.040404836538530574,4.040483653853057,72.07410047043453
victimization,PC8,8,APOYO.MEAN,0.12140963333043653,0.12140963333043653,0.040404836538530574,4.040483653853057,72.07410047043453
victimization,PC8,8,APOYO.MEDIAN,0.14544738882370778,0.14544738882370778,0.040404836538530574,4.040483653853057,72.07410047043453
victimization,PC8,8,APOYO.VAR,-0.11891606064390856,0.11891606064390856,0.040404836538530574,4.040483653853057,72.07410047043453
victimization,PC8,8,MORAL.MEAN,0.009181581643233796,0.009181581643233796,0.040404836538530574,4.040483653853057,72.07410047043453
victimization,PC8,8,MORAL.VAR,0.007144311562922682,0.007144311562922682,0.040404836538530574,4.040483653853057,72.07410047043453
victimization,PC8,8,PORNO.T,0.03345748863513058,0.03345748863513058,0.040404836538530574,4.040483653853057,72.07410047043453
victimization,PC8,8,GENERO.BN0,-0.008301334933214674,0.008301334933214674,0.040404836538530574,4.040483653853057,72.07410047043453
victimization,PC8,8,ORIENTSEX.BN0,-0.028548662292470224,0.028548662292470224,0.040404836538530574,4.040483653853057,72.07410047043453
victimization,PC8,8,GENERO.BN1,0.008301334933213979,0.008301334933213979,0.040404836538530574,4.040483653853057,72.07410047043453
victimization,PC8,8,ORIENTSEX.BN1,0.028548662292470016,0.028548662292470016,0.040404836538530574,4.040483653853057,72.07410047043453
victimization,PC9,9,PAÍS,0.0019494849551188998,0.0019494849551188998,0.033402838109608604,3.3402838109608606,75.4143842813954
victimization,PC9,9,ETNIA.BN,-0.029968227743979392,0.029968227743979392,0.033402838109608604,3.3402838109608606,75.4143842813954
victimization,PC9,9,EDAD,0.003978037266535662,0.003978037266535662,0.033402838109608604,3.3402838109608606,75.4143842813954
victimization,PC9,9,FUGAS.BN,-0.07572462653274217,0.07572462653274217,0.033402838109608604,3.3402838109608606,75.4143842813954
victimization,PC9,9,ABUSOSUBS1,0.02354686118452196,0.02354686118452196,0.033402838109608604,3.3402838109608606,75.4143842813954
victimization,PC9,9,ABUSOSUBS2,0.0032421762518764787,0.0032421762518764787,0.033402838109608604,3.3402838109608606,75.4143842813954
victimization,PC9,9,CONVIVEN.1,-0.09457746858546456,0.09457746858546456,0.033402838109608604,3.3402838109608606,75.4143842813954
victimization,PC9,9,CONVIVEN.2,0.03783329738426188,0.03783329738426188,0.033402838109608604,3.3402838109608606,75.4143842813954
victimization,PC9,9,CONVIVEN.3,-0.023447582499941517,0.023447582499941517,0.033402838109608604,3.3402838109608606,75.4143842813954
victimization,PC9,9,CONVIVEN.4,0.00783975979478881,0.00783975979478881,0.033402838109608604,3.3402838109608606,75.4143842813954
victimization,PC9,9,CONVIVEN_H,0.013065093590596346,0.013065093590596346,0.033402838109608604,3.3402838109608606,75.4143842813954
victimization,PC9,9,CONVIVEN_0,0.241635546286708,0.241635546286708,0.033402838109608604,3.3402838109608606,75.4143842813954
victimization,PC9,9,AUTOEFIC.MEAN,-0.014027364461964951,0.014027364461964951,0.033402838109608604,3.3402838109608606,75.4143842813954
victimization,PC9,9,AUTOEFIC.VAR,0.00615577642381684,0.00615577642381684,0.033402838109608604,3.3402838109608606,75.4143842813954
victimization,PC9,9,IMPULS.MEAN,0.013206915602043082,0.013206915602043082,0.033402838109608604,3.3402838109608606,75.4143842813954
victimization,PC9,9,IMPULS.MEDIAN,0.019647253840856516,0.019647253840856516,0.033402838109608604,3.3402838109608606,75.4143842813954
victimization,PC9,9,IMPULS.VAR,0.0020848770399715198,0.0020848770399715198,0.033402838109608604,3.3402838109608606,75.4143842813954
victimization,PC9,9,APOYO.MEAN,-0.02404931706185821,0.02404931706185821,0.033402838109608604,3.3402838109608606,75.4143842813954
victimization,PC9,9,APOYO.MEDIAN,-0.024214254033844914,0.024214254033844914,0.033402838109608604,3.3402838109608606,75.4143842813954
victimization,PC9,9,APOYO.VAR,0.03225155127224058,0.03225155127224058,0.033402838109608604,3.3402838109608606,75.4143842813954
victimization,PC9,9,MORAL.MEAN,-0.011266732379926857,0.011266732379926857,0.033402838109608604,3.3402838109608606,75.4143842813954
victimization,PC9,9,MORAL.VAR,0.01648971637836299,0.01648971637836299,0.033402838109608604,3.3402838109608606,75.4143842813954
victimization,PC9,9,PORNO.T,0.05465876990898963,0.05465876990898963,0.033402838109608604,3.3402838109608606,75.4143842813954
victimization,PC9,9,GENERO.BN0,-0.014248933627746653,0.014248933627746653,0.033402838109608604,3.3402838109608606,75.4143842813954
victimization,PC9,9,ORIENTSEX.BN0,0.018342350487653456,0.018342350487653456,0.033402838109608604,3.3402838109608606,75.4143842813954
victimization,PC9,9,GENERO.BN1,0.014248933627746811,0.014248933627746811,0.033402838109608604,3.3402838109608606,75.4143842813954
victimization,PC9,9,ORIENTSEX.BN1,-0.018342350487653487,0.018342350487653487,0.033402838109608604,3.3402838109608606,75.4143842813954
victimization,PC10,10,PAÍS,0.010619808795605605,0.010619808795605605,0.031571001307612694,3.157100130761269,78.57148441215666
victimization,PC10,10,ETNIA.BN,0.02636441856243748,0.02636441856243748,0.031571001307612694,3.157100130761269,78.57148441215666
victimization,PC10,10,EDAD,-0.09344684956303989,0.09344684956303989,0.031571001307612694,3.157100130761269,78.57148441215666
victimization,PC10,10,FUGAS.BN,-0.08699608776400287,0.08699608776400287,0.031571001307612694,3.157100130761269,78.57148441215666
victimization,PC10,10,ABUSOSUBS1,0.0322924863420243,0.0322924863420243,0.031571001307612694,3.157100130761269,78.57148441215666
victimization,PC10,10,ABUSOSUBS2,0.015085872362625988,0.015085872362625988,0.031571001307612694,3.157100130761269,78.57148441215666
victimization,PC10,10,CONVIVEN.1,0.06757304565152156,0.06757304565152156,0.031571001307612694,3.157100130761269,78.57148441215666
victimization,PC10,10,CONVIVEN.2,-0.021098024352186433,0.021098024352186433,0.031571001307612694,3.157100130761269,78.57148441215666
victimization,PC10,10,CONVIVEN.3,-0.006028975037093939,0.006028975037093939,0.031571001307612694,3.157100130761269,78.57148441215666
victimization,PC10,10,CONVIVEN.4,-0.010490037639199251,0.010490037639199251,0.031571001307612694,3.157100130761269,78.57148441215666
victimization,PC10,10,CONVIVEN_H,-0.015859842348839918,0.015859842348839918,0.031571001307612694,3.157100130761269,78.57148441215666
victimization,PC10,10,CONVIVEN_0,-0.054761819043187665,0.054761819043187665,0.031571001307612694,3.157100130761269,78.57148441215666
victimization,PC10,10,AUTOEFIC.MEAN,-0.01587491476382458,0.01587491476382458,0.031571001307612694,3.157100130761269,78.57148441215666
victimization,PC10,10,AUTOEFIC.VAR,0.011803658793345452,0.011803658793345452,0.031571001307612694,3.157100130761269,78.57148441215666
victimization,PC10,10,IMPULS.MEAN,-0.0054115148722374854,0.0054115148722374854,0.031571001307612694,3.157100130761269,78.57148441215666
victimization,PC10,10,IMPULS.MEDIAN,-0.006332358695124346,0.006332358695124346,0.031571001307612694,3.157100130761269,78.57148441215666
victimization,PC10,10,IMPULS.VAR,-0.00700447476668116,0.00700447476668116,0.031571001307612694,3.157100130761269,78.57148441215666
victimization,PC10,10,APOYO.MEAN,-0.00602424360725513,0.00602424360725513,0.031571001307612694,3.157100130761269,78.57148441215666
victimization,PC10,10,APOYO.MEDIAN,0.003440840315528516,0.003440840315528516,0.031571001307612694,3.157100130761269,78.57148441215666
victimization,PC10,10,APOYO.VAR,0.018146656345863193,0.018146656345863193,0.031571001307612694,3.157100130761269,78.57148441215666
victimization,PC10,10,MORAL.MEAN,0.004222967584694379,0.004222967584694379,0.031571001307612694,3.157100130761269,78.57148441215666
victimization,PC10,10,MORAL.VAR,0.002152477076665072,0.002152477076665072,0.031571001307612694,3.157100130761269,78.57148441215666
victimization,PC10,10,PORNO.T,0.2177609679025054,0.2177609679025054,0.031571001307612694,3.157100130761269,78.57148441215666
victimization,PC10,10,GENERO.BN0,-0.046323437143650184,0.046323437143650184,0.031571001307612694,3.157100130761269,78.57148441215666
victimization,PC10,10,ORIENTSEX.BN0,0.010124320297659889,0.010124320297659889,0.031571001307612694,3.157100130761269,78.57148441215666
victimization,PC10,10,GENERO.BN1,0.046323437143649414,0.046323437143649414,0.031571001307612694,3.157100130761269,78.57148441215666
victimization,PC10,10,ORIENTSEX.BN1,-0.0101243202976601,0.0101243202976601,0.031571001307612694,3.157100130761269,78.57148441215666
victimization,PC11,11,PAÍS,-0.0013259940814225584,0.0013259940814225584,0.029484055983792966,2.9484055983792965,81.51989001053596
victimization,PC11,11,ETNIA.BN,-0.0056079808595976225,0.0056079808595976225,0.029484055983792966,2.9484055983792965,81.51989001053596
victimization,PC11,11,EDAD,0.00725147149485651,0.00725147149485651,0.029484055983792966,2.9484055983792965,81.51989001053596
victimization,PC11,11,FUGAS.BN,0.029660891480426978,0.029660891480426978,0.029484055983792966,2.9484055983792965,81.51989001053596
victimization,PC11,11,ABUSOSUBS1,-0.007795282470067372,0.007795282470067372,0.029484055983792966,2.9484055983792965,81.51989001053596
victimization,PC11,11,ABUSOSUBS2,-0.0004615807135825616,0.0004615807135825616,0.029484055983792966,2.9484055983792965,81.51989001053596
victimization,PC11,11,CONVIVEN.1,0.19252258015986776,0.19252258015986776,0.029484055983792966,2.9484055983792965,81.51989001053596
victimization,PC11,11,CONVIVEN.2,-0.05856087934460576,0.05856087934460576,0.029484055983792966,2.9484055983792965,81.51989001053596
victimization,PC11,11,CONVIVEN.3,-0.1300472689686107,0.1300472689686107,0.029484055983792966,2.9484055983792965,81.51989001053596
victimization,PC11,11,CONVIVEN.4,-0.080022886554919,0.080022886554919,0.029484055983792966,2.9484055983792965,81.51989001053596
victimization,PC11,11,CONVIVEN_H,-0.005564248093349908,0.005564248093349908,0.029484055983792966,2.9484055983792965,81.51989001053596
victimization,PC11,11,CONVIVEN_0,0.09027927706401824,0.09027927706401824,0.029484055983792966,2.9484055983792965,81.51989001053596
victimization,PC11,11,AUTOEFIC.MEAN,-0.004996901982228578,0.004996901982228578,0.029484055983792966,2.9484055983792965,81.51989001053596
victimization,PC11,11,AUTOEFIC.VAR,-0.002280293763885906,0.002280293763885906,0.029484055983792966,2.9484055983792965,81.51989001053596
victimization,PC11,11,IMPULS.MEAN,0.005972581350986223,0.005972581350986223,0.029484055983792966,2.9484055983792965,81.51989001053596
victimization,PC11,11,IMPULS.MEDIAN,0.00968247937857962,0.00968247937857962,0.029484055983792966,2.9484055983792965,81.51989001053596
victimization,PC11,11,IMPULS.VAR,0.007214234915119419,0.007214234915119419,0.029484055983792966,2.9484055983792965,81.51989001053596
victimization,PC11,11,APOYO.MEAN,-0.000251187670940251,0.000251187670940251,0.029484055983792966,2.9484055983792965,81.51989001053596
victimization,PC11,11,APOYO.MEDIAN,0.0009596485416752552,0.0009596485416752552,0.029484055983792966,2.9484055983792965,81.51989001053596
victimization,PC11,11,APOYO.VAR,-0.0053516359878114,0.0053516359878114,0.029484055983792966,2.9484055983792965,81.51989001053596
victimization,PC11,11,MORAL.MEAN,-0.004224555443665359,0.004224555443665359,0.029484055983792966,2.9484055983792965,81.51989001053596
victimization,PC11,11,MORAL.VAR,0.009258475481988692,0.009258475481988692,0.029484055983792966,2.9484055983792965,81.51989001053596
victimization,PC11,11,PORNO.T,-0.029746688283230495,0.029746688283230495,0.029484055983792966,2.9484055983792965,81.51989001053596
victimization,PC11,11,GENERO.BN0,0.0071323533289174715,0.0071323533289174715,0.029484055983792966,2.9484055983792965,81.51989001053596
victimization,PC11,11,ORIENTSEX.BN0,-0.0006757467977438283,0.0006757467977438283,0.029484055983792966,2.9484055983792965,81.51989001053596
victimization,PC11,11,GENERO.BN1,-0.007132353328917274,0.007132353328917274,0.029484055983792966,2.9484055983792965,81.51989001053596
victimization,PC11,11,ORIENTSEX.BN1,0.000675746797743909,0.000675746797743909,0.029484055983792966,2.9484055983792965,81.51989001053596
victimization,PC12,12,PAÍS,-0.047511748910825706,0.047511748910825706,0.024607550948622377,2.460755094862238,83.9806451053982
victimization,PC12,12,ETNIA.BN,0.0017197671939296636,0.0017197671939296636,0.024607550948622377,2.460755094862238,83.9806451053982
victimization,PC12,12,EDAD,-0.08640946410873346,0.08640946410873346,0.024607550948622377,2.460755094862238,83.9806451053982
victimization,PC12,12,FUGAS.BN,-0.07443287070122331,0.07443287070122331,0.024607550948622377,2.460755094862238,83.9806451053982
victimization,PC12,12,ABUSOSUBS1,0.141431937077237,0.141431937077237,0.024607550948622377,2.460755094862238,83.9806451053982
victimization,PC12,12,ABUSOSUBS2,0.1082594546174438,0.1082594546174438,0.024607550948622377,2.460755094862238,83.9806451053982
victimization,PC12,12,CONVIVEN.1,0.04011371972518643,0.04011371972518643,0.024607550948622377,2.460755094862238,83.9806451053982
victimization,PC12,12,CONVIVEN.2,0.019616960446495028,0.019616960446495028,0.024607550948622377,2.460755094862238,83.9806451053982
victimization,PC12,12,CONVIVEN.3,0.042475704437687146,0.042475704437687146,0.024607550948622377,2.460755094862238,83.9806451053982
victimization,PC12,12,CONVIVEN.4,0.0038701026981154893,0.0038701026981154893,0.024607550948622377,2.460755094862238,83.9806451053982
victimization,PC12,12,CONVIVEN_H,-0.007770566603455836,0.007770566603455836,0.024607550948622377,2.460755094862238,83.9806451053982
victimization,PC12,12,CONVIVEN_0,0.0029028326610165927,0.0029028326610165927,0.024607550948622377,2.460755094862238,83.9806451053982
victimization,PC12,12,AUTOEFIC.MEAN,-0.004490590358511157,0.004490590358511157,0.024607550948622377,2.460755094862238,83.9806451053982
victimization,PC12,12,AUTOEFIC.VAR,-0.015588318073673942,0.015588318073673942,0.024607550948622377,2.460755094862238,83.9806451053982
victimization,PC12,12,IMPULS.MEAN,-0.004418421348971366,0.004418421348971366,0.024607550948622377,2.460755094862238,83.9806451053982
victimization,PC12,12,IMPULS.MEDIAN,-0.007679046116771162,0.007679046116771162,0.024607550948622377,2.460755094862238,83.9806451053982
victimization,PC12,12,IMPULS.VAR,-0.021186890086037954,0.021186890086037954,0.024607550948622377,2.460755094862238,83.9806451053982
victimization,PC12,12,APOYO.MEAN,-0.012573140993761604,0.012573140993761604,0.024607550948622377,2.460755094862238,83.9806451053982
victimization,PC12,12,APOYO.MEDIAN,-0.02483732293103071,0.02483732293103071,0.024607550948622377,2.460755094862238,83.9806451053982
victimization,PC12,12,APOYO.VAR,-0.0053430801078477854,0.0053430801078477854,0.024607550948622377,2.460755094862238,83.9806451053982
victimization,PC12,12,MORAL.MEAN,-0.006797364542732583,0.006797364542732583,0.024607550948622377,2.460755094862238,83.9806451053982
victimization,PC12,12,MORAL.VAR,-0.0016809090168607359,0.0016809090168607359,0.024607550948622377,2.460755094862238,83.9806451053982
victimization,PC12,12,PORNO.T,-0.09199011736176085,0.09199011736176085,0.024607550948622377,2.460755094862238,83.9806451053982
victimization,PC12,12,GENERO.BN0,0.022207285146190504,0.022207285146190504,0.024607550948622377,2.460755094862238,83.9806451053982
victimization,PC12,12,ORIENTSEX.BN0,-0.006690284972563635,0.006690284972563635,0.024607550948622377,2.460755094862238,83.9806451053982
victimization,PC12,12,GENERO.BN1,-0.022207285146190064,0.022207285146190064,0.024607550948622377,2.460755094862238,83.9806451053982
victimization,PC12,12,ORIENTSEX.BN1,0.006690284972563813,0.006690284972563813,0.024607550948622377,2.460755094862238,83.9806451053982
victimization,PC13,13,PAÍS,0.18763503558979605,0.18763503558979605,0.02284027141145775,2.2840271411457747,86.26467224654397
victimization,PC13,13,ETNIA.BN,0.09038187744164741,0.09038187744164741,0.02284027141145775,2.2840271411457747,86.26467224654397
victimization,PC13,13,EDAD,-0.019024258070388513,0.019024258070388513,0.02284027141145775,2.2840271411457747,86.26467224654397
victimization,PC13,13,FUGAS.BN,-0.020368181265948648,0.020368181265948648,0.02284027141145775,2.2840271411457747,86.26467224654397
victimization,PC13,13,ABUSOSUBS1,0.014855919112913191,0.014855919112913191,0.02284027141145775,2.2840271411457747,86.26467224654397
victimization,PC13,13,ABUSOSUBS2,0.04150927081690529,0.04150927081690529,0.02284027141145775,2.2840271411457747,86.26467224654397
victimization,PC13,13,CONVIVEN.1,-0.044196760775848436,0.044196760775848436,0.02284027141145775,2.2840271411457747,86.26467224654397
victimization,PC13,13,CONVIVEN.2,-0.030039763503688265,0.030039763503688265,0.02284027141145775,2.2840271411457747,86.26467224654397
victimization,PC13,13,CONVIVEN.3,-0.06366601637121631,0.06366601637121631,0.02284027141145775,2.2840271411457747,86.26467224654397
victimization,PC13,13,CONVIVEN.4,0.0024958482066745062,0.0024958482066745062,0.02284027141145775,2.2840271411457747,86.26467224654397
victimization,PC13,13,CONVIVEN_H,0.011198790944222334,0.011198790944222334,0.02284027141145775,2.2840271411457747,86.26467224654397
victimization,PC13,13,CONVIVEN_0,-0.00772615074666677,0.00772615074666677,0.02284027141145775,2.2840271411457747,86.26467224654397
victimization,PC13,13,AUTOEFIC.MEAN,0.008070467895641534,0.008070467895641534,0.02284027141145775,2.2840271411457747,86.26467224654397
victimization,PC13,13,AUTOEFIC.VAR,-0.023125083105289868,0.023125083105289868,0.02284027141145775,2.2840271411457747,86.26467224654397
victimization,PC13,13,IMPULS.MEAN,0.006808571414844012,0.006808571414844012,0.02284027141145775,2.2840271411457747,86.26467224654397
victimization,PC13,13,IMPULS.MEDIAN,0.01276029826987327,0.01276029826987327,0.02284027141145775,2.2840271411457747,86.26467224654397
victimization,PC13,13,IMPULS.VAR,-0.03412430646075739,0.03412430646075739,0.02284027141145775,2.2840271411457747,86.26467224654397
victimization,PC13,13,APOYO.MEAN,-0.00042015301976093143,0.00042015301976093143,0.02284027141145775,2.2840271411457747,86.26467224654397
victimization,PC13,13,APOYO.MEDIAN,-0.008943394016831292,0.008943394016831292,0.02284027141145775,2.2840271411457747,86.26467224654397
victimization,PC13,13,APOYO.VAR,-0.03413189635802085,0.03413189635802085,0.02284027141145775,2.2840271411457747,86.26467224654397
victimization,PC13,13,MORAL.MEAN,-0.018630367711019488,0.018630367711019488,0.02284027141145775,2.2840271411457747,86.26467224654397
victimization,PC13,13,MORAL.VAR,0.0023092471233710312,0.0023092471233710312,0.02284027141145775,2.2840271411457747,86.26467224654397
victimization,PC13,13,PORNO.T,-0.025609486977293257,0.025609486977293257,0.02284027141145775,2.2840271411457747,86.26467224654397
victimization,PC13,13,GENERO.BN0,0.006053200025549864,0.006053200025549864,0.02284027141145775,2.2840271411457747,86.26467224654397
victimization,PC13,13,ORIENTSEX.BN0,-0.00706175817371539,0.00706175817371539,0.02284027141145775,2.2840271411457747,86.26467224654397
victimization,PC13,13,GENERO.BN1,-0.006053200025550111,0.006053200025550111,0.02284027141145775,2.2840271411457747,86.26467224654397
victimization,PC13,13,ORIENTSEX.BN1,0.007061758173715411,0.007061758173715411,0.02284027141145775,2.2840271411457747,86.26467224654397
victimization,PC14,14,PAÍS,0.07948858752001775,0.07948858752001775,0.02075914305539429,2.075914305539429,88.3405865520834
victimization,PC14,14,ETNIA.BN,0.04674201546846429,0.04674201546846429,0.02075914305539429,2.075914305539429,88.3405865520834
victimization,PC14,14,EDAD,0.03087178653303657,0.03087178653303657,0.02075914305539429,2.075914305539429,88.3405865520834
victimization,PC14,14,FUGAS.BN,0.009193135180883728,0.009193135180883728,0.02075914305539429,2.075914305539429,88.3405865520834
victimization,PC14,14,ABUSOSUBS1,-0.015072575580657232,0.015072575580657232,0.02075914305539429,2.075914305539429,88.3405865520834
victimization,PC14,14,ABUSOSUBS2,-0.022447284160468615,0.022447284160468615,0.02075914305539429,2.075914305539429,88.3405865520834
victimization,PC14,14,CONVIVEN.1,0.09889083976040368,0.09889083976040368,0.02075914305539429,2.075914305539429,88.3405865520834
victimization,PC14,14,CONVIVEN.2,0.043835933130574344,0.043835933130574344,0.02075914305539429,2.075914305539429,88.3405865520834
victimization,PC14,14,CONVIVEN.3,0.15195031925813024,0.15195031925813024,0.02075914305539429,2.075914305539429,88.3405865520834
victimization,PC14,14,CONVIVEN.4,0.02370155662622548,0.02370155662622548,0.02075914305539429,2.075914305539429,88.3405865520834
victimization,PC14,14,CONVIVEN_H,-0.026527159132018398,0.026527159132018398,0.02075914305539429,2.075914305539429,88.3405865520834
victimization,PC14,14,CONVIVEN_0,0.059917908650712226,0.059917908650712226,0.02075914305539429,2.075914305539429,88.3405865520834
victimization,PC14,14,AUTOEFIC.MEAN,-0.0010902073170415208,0.0010902073170415208,0.02075914305539429,2.075914305539429,88.3405865520834
victimization,PC14,14,AUTOEFIC.VAR,0.0016133635475932004,0.0016133635475932004,0.02075914305539429,2.075914305539429,88.3405865520834
victimization,PC14,14,IMPULS.MEAN,-0.009678038712289613,0.009678038712289613,0.02075914305539429,2.075914305539429,88.3405865520834
victimization,PC14,14,IMPULS.MEDIAN,-0.013267466745254542,0.013267466745254542,0.02075914305539429,2.075914305539429,88.3405865520834
victimization,PC14,14,IMPULS.VAR,0.0012018946759411017,0.0012018946759411017,0.02075914305539429,2.075914305539429,88.3405865520834
victimization,PC14,14,APOYO.MEAN,-0.006151830930817283,0.006151830930817283,0.02075914305539429,2.075914305539429,88.3405865520834
victimization,PC14,14,APOYO.MEDIAN,-0.002504232235548282,0.002504232235548282,0.02075914305539429,2.075914305539429,88.3405865520834
victimization,PC14,14,APOYO.VAR,0.0005561170566852417,0.0005561170566852417,0.02075914305539429,2.075914305539429,88.3405865520834
victimization,PC14,14,MORAL.MEAN,0.03720725507845933,0.03720725507845933,0.02075914305539429,2.075914305539429,88.3405865520834
victimization,PC14,14,MORAL.VAR,-0.0263876626127057,0.0263876626127057,0.02075914305539429,2.075914305539429,88.3405865520834
victimization,PC14,14,PORNO.T,0.0025160466103978114,0.0025160466103978114,0.02075914305539429,2.075914305539429,88.3405865520834
victimization,PC14,14,GENERO.BN0,0.002217705848491974,0.002217705848491974,0.02075914305539429,2.075914305539429,88.3405865520834
victimization,PC14,14,ORIENTSEX.BN0,0.002747880031063738,0.002747880031063738,0.02075914305539429,2.075914305539429,88.3405865520834
victimization,PC14,14,GENERO.BN1,-0.0022177058484916736,0.0022177058484916736,0.02075914305539429,2.075914305539429,88.3405865520834
victimization,PC14,14,ORIENTSEX.BN1,-0.0027478800310636853,0.0027478800310636853,0.02075914305539429,2.075914305539429,88.3405865520834
victimization,PC15,15,PAÍS,0.036556052515877846,0.036556052515877846,0.01949591822454285,1.949591822454285,90.29017837453769
victimization,PC15,15,ETNIA.BN,0.0030157326367811588,0.0030157326367811588,0.01949591822454285,1.949591822454285,90.29017837453769
victimization,PC15,15,EDAD,0.005928947774396453,0.005928947774396453,0.01949591822454285,1.949591822454285,90.29017837453769
victimization,PC15,15,FUGAS.BN,-0.010676856934920952,0.010676856934920952,0.01949591822454285,1.949591822454285,90.29017837453769
victimization,PC15,15,ABUSOSUBS1,0.0181253833426601,0.0181253833426601,0.01949591822454285,1.949591822454285,90.29017837453769
victimization,PC15,15,ABUSOSUBS2,0.008234383466279787,0.008234383466279787,0.01949591822454285,1.949591822454285,90.29017837453769
victimization,PC15,15,CONVIVEN.1,0.004930895513837912,0.004930895513837912,0.01949591822454285,1.949591822454285,90.29017837453769
victimization,PC15,15,CONVIVEN.2,0.003927722750861765,0.003927722750861765,0.01949591822454285,1.949591822454285,90.29017837453769
victimization,PC15,15,CONVIVEN.3,0.0005643023882438132,0.0005643023882438132,0.01949591822454285,1.949591822454285,90.29017837453769
victimization,PC15,15,CONVIVEN.4,0.0010086022033338022,0.0010086022033338022,0.01949591822454285,1.949591822454285,90.29017837453769
victimization,PC15,15,CONVIVEN_H,0.0015259292408288526,0.0015259292408288526,0.01949591822454285,1.949591822454285,90.29017837453769
victimization,PC15,15,CONVIVEN_0,-0.004974540225451073,0.004974540225451073,0.01949591822454285,1.949591822454285,90.29017837453769
victimization,PC15,15,AUTOEFIC.MEAN,0.032639714495759246,0.032639714495759246,0.01949591822454285,1.949591822454285,90.29017837453769
victimization,PC15,15,AUTOEFIC.VAR,0.057848108662396334,0.057848108662396334,0.01949591822454285,1.949591822454285,90.29017837453769
victimization,PC15,15,IMPULS.MEAN,-0.043938465587364896,0.043938465587364896,0.01949591822454285,1.949591822454285,90.29017837453769
victimization,PC15,15,IMPULS.MEDIAN,-0.07571016568065905,0.07571016568065905,0.01949591822454285,1.949591822454285,90.29017837453769
victimization,PC15,15,IMPULS.VAR,0.07244161064160501,0.07244161064160501,0.01949591822454285,1.949591822454285,90.29017837453769
victimization,PC15,15,APOYO.MEAN,0.01929762177437232,0.01929762177437232,0.01949591822454285,1.949591822454285,90.29017837453769
victimization,PC15,15,APOYO.MEDIAN,0.07282008028615172,0.07282008028615172,0.01949591822454285,1.949591822454285,90.29017837453769
victimization,PC15,15,APOYO.VAR,0.1131301643805785,0.1131301643805785,0.01949591822454285,1.949591822454285,90.29017837453769
victimization,PC15,15,MORAL.MEAN,-0.054589403014780054,0.054589403014780054,0.01949591822454285,1.949591822454285,90.29017837453769
victimization,PC15,15,MORAL.VAR,0.08955304771341605,0.08955304771341605,0.01949591822454285,1.949591822454285,90.29017837453769
victimization,PC15,15,PORNO.T,-0.019039361543177858,0.019039361543177858,0.01949591822454285,1.949591822454285,90.29017837453769
victimization,PC15,15,GENERO.BN0,0.0038454391826853247,0.0038454391826853247,0.01949591822454285,1.949591822454285,90.29017837453769
victimization,PC15,15,ORIENTSEX.BN0,-0.0028768172201249277,0.0028768172201249277,0.01949591822454285,1.949591822454285,90.29017837453769
victimization,PC15,15,GENERO.BN1,-0.0038454391826852155,0.0038454391826852155,0.01949591822454285,1.949591822454285,90.29017837453769
victimization,PC15,15,ORIENTSEX.BN1,0.0028768172201249303,0.0028768172201249303,0.01949591822454285,1.949591822454285,90.29017837453769
victimization,PC16,16,PAÍS,0.0032503704371318956,0.0032503704371318956,0.017635852094942187,1.7635852094942186,92.05376358403191
victimization,PC16,16,ETNIA.BN,0.0018139436266625896,0.0018139436266625896,0.017635852094942187,1.7635852094942186,92.05376358403191
victimization,PC16,16,EDAD,-0.013333723843225533,0.013333723843225533,0.017635852094942187,1.7635852094942186,92.05376358403191
victimization,PC16,16,FUGAS.BN,0.005166423690607388,0.005166423690607388,0.017635852094942187,1.7635852094942186,92.05376358403191
victimization,PC16,16,ABUSOSUBS1,0.0011228950235840736,0.0011228950235840736,0.017635852094942187,1.7635852094942186,92.05376358403191
victimization,PC16,16,ABUSOSUBS2,0.013936770709917005,0.013936770709917005,0.017635852094942187,1.7635852094942186,92.05376358403191
victimization,PC16,16,CONVIVEN.1,-0.02240975624617555,0.02240975624617555,0.017635852094942187,1.7635852094942186,92.05376358403191
victimization,PC16,16,CONVIVEN.2,-0.0131817297882966,0.0131817297882966,0.017635852094942187,1.7635852094942186,92.05376358403191
victimization,PC16,16,CONVIVEN.3,-0.041767897560341244,0.041767897560341244,0.017635852094942187,1.7635852094942186,92.05376358403191
victimization,PC16,16,CONVIVEN.4,-0.001090743381660535,0.001090743381660535,0.017635852094942187,1.7635852094942186,92.05376358403191
victimization,PC16,16,CONVIVEN_H,0.004075127763671128,0.004075127763671128,0.017635852094942187,1.7635852094942186,92.05376358403191
victimization,PC16,16,CONVIVEN_0,0.00866935639792366,0.00866935639792366,0.017635852094942187,1.7635852094942186,92.05376358403191
victimization,PC16,16,AUTOEFIC.MEAN,0.028570871755378476,0.028570871755378476,0.017635852094942187,1.7635852094942186,92.05376358403191
victimization,PC16,16,AUTOEFIC.VAR,-0.021037770526878784,0.021037770526878784,0.017635852094942187,1.7635852094942186,92.05376358403191
victimization,PC16,16,IMPULS.MEAN,-0.058091928085608216,0.058091928085608216,0.017635852094942187,1.7635852094942186,92.05376358403191
victimization,PC16,16,IMPULS.MEDIAN,-0.09789441807472593,0.09789441807472593,0.017635852094942187,1.7635852094942186,92.05376358403191
victimization,PC16,16,IMPULS.VAR,0.021398446574865355,0.021398446574865355,0.017635852094942187,1.7635852094942186,92.05376358403191
victimization,PC16,16,APOYO.MEAN,-0.01262320924295378,0.01262320924295378,0.017635852094942187,1.7635852094942186,92.05376358403191
victimization,PC16,16,APOYO.MEDIAN,-0.010933521033668792,0.010933521033668792,0.017635852094942187,1.7635852094942186,92.05376358403191
victimization,PC16,16,APOYO.VAR,0.04559440537324544,0.04559440537324544,0.017635852094942187,1.7635852094942186,92.05376358403191
victimization,PC16,16,MORAL.MEAN,0.12357180008623968,0.12357180008623968,0.017635852094942187,1.7635852094942186,92.05376358403191
victimization,PC16,16,MORAL.VAR,-0.09572814100807187,0.09572814100807187,0.017635852094942187,1.7635852094942186,92.05376358403191
victimization,PC16,16,PORNO.T,-0.001576932998562278,0.001576932998562278,0.017635852094942187,1.7635852094942186,92.05376358403191
victimization,PC16,16,GENERO.BN0,0.006045841792833044,0.006045841792833044,0.017635852094942187,1.7635852094942186,92.05376358403191
victimization,PC16,16,ORIENTSEX.BN0,0.001301108382096611,0.001301108382096611,0.017635852094942187,1.7635852094942186,92.05376358403191
victimization,PC16,16,GENERO.BN1,-0.006045841792832926,0.006045841792832926,0.017635852094942187,1.7635852094942186,92.05376358403191
victimization,PC16,16,ORIENTSEX.BN1,-0.0013011083820966176,0.0013011083820966176,0.017635852094942187,1.7635852094942186,92.05376358403191
victimization,PC17,17,PAÍS,-0.00882893244515522,0.00882893244515522,0.015964415776920173,1.5964415776920173,93.65020516172393
victimization,PC17,17,ETNIA.BN,-0.018332181956779502,0.018332181956779502,0.015964415776920173,1.5964415776920173,93.65020516172393
victimization,PC17,17,EDAD,0.009724695532408605,0.009724695532408605,0.015964415776920173,1.5964415776920173,93.65020516172393
victimization,PC17,17,FUGAS.BN,-0.0002968410081422512,0.0002968410081422512,0.015964415776920173,1.5964415776920173,93.65020516172393
victimization,PC17,17,ABUSOSUBS1,-0.015531074733791674,0.015531074733791674,0.015964415776920173,1.5964415776920173,93.65020516172393
victimization,PC17,17,ABUSOSUBS2,-0.0051520268520655575,0.0051520268520655575,0.015964415776920173,1.5964415776920173,93.65020516172393
victimization,PC17,17,CONVIVEN.1,0.010053252915058791,0.010053252915058791,0.015964415776920173,1.5964415776920173,93.65020516172393
victimization,PC17,17,CONVIVEN.2,0.0008715027969107864,0.0008715027969107864,0.015964415776920173,1.5964415776920173,93.65020516172393
victimization,PC17,17,CONVIVEN.3,0.010613238100567048,0.010613238100567048,0.015964415776920173,1.5964415776920173,93.65020516172393
victimization,PC17,17,CONVIVEN.4,0.002528962384326188,0.002528962384326188,0.015964415776920173,1.5964415776920173,93.65020516172393
victimization,PC17,17,CONVIVEN_H,-0.001755741997002347,0.001755741997002347,0.015964415776920173,1.5964415776920173,93.65020516172393
victimization,PC17,17,CONVIVEN_0,0.00617296915812058,0.00617296915812058,0.015964415776920173,1.5964415776920173,93.65020516172393
victimization,PC17,17,AUTOEFIC.MEAN,0.10709370027358092,0.10709370027358092,0.015964415776920173,1.5964415776920173,93.65020516172393
victimization,PC17,17,AUTOEFIC.VAR,-0.10254540314755071,0.10254540314755071,0.015964415776920173,1.5964415776920173,93.65020516172393
victimization,PC17,17,IMPULS.MEAN,-0.03863282422864335,0.03863282422864335,0.015964415776920173,1.5964415776920173,93.65020516172393
victimization,PC17,17,IMPULS.MEDIAN,-0.06361680786472906,0.06361680786472906,0.015964415776920173,1.5964415776920173,93.65020516172393
victimization,PC17,17,IMPULS.VAR,-0.014646234803208988,0.014646234803208988,0.015964415776920173,1.5964415776920173,93.65020516172393
victimization,PC17,17,APOYO.MEAN,-0.021406396397158415,0.021406396397158415,0.015964415776920173,1.5964415776920173,93.65020516172393
victimization,PC17,17,APOYO.MEDIAN,-0.05984508427679003,0.05984508427679003,0.015964415776920173,1.5964415776920173,93.65020516172393
victimization,PC17,17,APOYO.VAR,-0.03684406954953917,0.03684406954953917,0.015964415776920173,1.5964415776920173,93.65020516172393
victimization,PC17,17,MORAL.MEAN,-0.06275476388305964,0.06275476388305964,0.015964415776920173,1.5964415776920173,93.65020516172393
victimization,PC17,17,MORAL.VAR,0.0394123042616298,0.0394123042616298,0.015964415776920173,1.5964415776920173,93.65020516172393
victimization,PC17,17,PORNO.T,0.017557222907289633,0.017557222907289633,0.015964415776920173,1.5964415776920173,93.65020516172393
victimization,PC17,17,GENERO.BN0,-0.011861643228819706,0.011861643228819706,0.015964415776920173,1.5964415776920173,93.65020516172393
victimization,PC17,17,ORIENTSEX.BN0,-0.0010589080055161129,0.0010589080055161129,0.015964415776920173,1.5964415776920173,93.65020516172393
victimization,PC17,17,GENERO.BN1,0.011861643228819278,0.011861643228819278,0.015964415776920173,1.5964415776920173,93.65020516172393
victimization,PC17,17,ORIENTSEX.BN1,0.001058908005516179,0.001058908005516179,0.015964415776920173,1.5964415776920173,93.65020516172393
victimization,PC18,18,PAÍS,-0.0047004107893888055,0.0047004107893888055,0.014259306006494426,1.4259306006494425,95.07613576237337
victimization,PC18,18,ETNIA.BN,0.0008584555402366241,0.0008584555402366241,0.014259306006494426,1.4259306006494425,95.07613576237337
victimization,PC18,18,EDAD,-0.006157706961489766,0.006157706961489766,0.014259306006494426,1.4259306006494425,95.07613576237337
victimization,PC18,18,FUGAS.BN,0.005609158233594477,0.005609158233594477,0.014259306006494426,1.4259306006494425,95.07613576237337
victimization,PC18,18,ABUSOSUBS1,-0.0018404398480594446,0.0018404398480594446,0.014259306006494426,1.4259306006494425,95.07613576237337
victimization,PC18,18,ABUSOSUBS2,0.0010031170311800648,0.0010031170311800648,0.014259306006494426,1.4259306006494425,95.07613576237337
victimization,PC18,18,CONVIVEN.1,0.004513930935247647,0.004513930935247647,0.014259306006494426,1.4259306006494425,95.07613576237337
victimization,PC18,18,CONVIVEN.2,-0.004608240778808645,0.004608240778808645,0.014259306006494426,1.4259306006494425,95.07613576237337
victimization,PC18,18,CONVIVEN.3,0.005941472980121571,0.005941472980121571,0.014259306006494426,1.4259306006494425,95.07613576237337
victimization,PC18,18,CONVIVEN.4,0.0008969340320105809,0.0008969340320105809,0.014259306006494426,1.4259306006494425,95.07613576237337
victimization,PC18,18,CONVIVEN_H,-0.0038025777696591295,0.0038025777696591295,0.014259306006494426,1.4259306006494425,95.07613576237337
victimization,PC18,18,CONVIVEN_0,-0.00025468235164538593,0.00025468235164538593,0.014259306006494426,1.4259306006494425,95.07613576237337
victimization,PC18,18,AUTOEFIC.MEAN,0.0643300350537839,0.0643300350537839,0.014259306006494426,1.4259306006494425,95.07613576237337
victimization,PC18,18,AUTOEFIC.VAR,-0.07134311085107607,0.07134311085107607,0.014259306006494426,1.4259306006494425,95.07613576237337
victimization,PC18,18,IMPULS.MEAN,0.035822075263804085,0.035822075263804085,0.014259306006494426,1.4259306006494425,95.07613576237337
victimization,PC18,18,IMPULS.MEDIAN,0.07212003727044564,0.07212003727044564,0.014259306006494426,1.4259306006494425,95.07613576237337
victimization,PC18,18,IMPULS.VAR,-0.06472689361755178,0.06472689361755178,0.014259306006494426,1.4259306006494425,95.07613576237337
victimization,PC18,18,APOYO.MEAN,0.006687557262380316,0.006687557262380316,0.014259306006494426,1.4259306006494425,95.07613576237337
victimization,PC18,18,APOYO.MEDIAN,0.06338894124372711,0.06338894124372711,0.014259306006494426,1.4259306006494425,95.07613576237337
victimization,PC18,18,APOYO.VAR,0.10512261128235256,0.10512261128235256,0.014259306006494426,1.4259306006494425,95.07613576237337
victimization,PC18,18,MORAL.MEAN,0.008905054350717782,0.008905054350717782,0.014259306006494426,1.4259306006494425,95.07613576237337
victimization,PC18,18,MORAL.VAR,-0.02427587826181442,0.02427587826181442,0.014259306006494426,1.4259306006494425,95.07613576237337
victimization,PC18,18,PORNO.T,-0.0033616476844065095,0.0033616476844065095,0.014259306006494426,1.4259306006494425,95.07613576237337
victimization,PC18,18,GENERO.BN0,-0.003963629978477729,0.003963629978477729,0.014259306006494426,1.4259306006494425,95.07613576237337
victimization,PC18,18,ORIENTSEX.BN0,-0.004573366727451725,0.004573366727451725,0.014259306006494426,1.4259306006494425,95.07613576237337
victimization,PC18,18,GENERO.BN1,0.0039636299784777665,0.0039636299784777665,0.014259306006494426,1.4259306006494425,95.07613576237337
victimization,PC18,18,ORIENTSEX.BN1,0.004573366727451816,0.004573366727451816,0.014259306006494426,1.4259306006494425,95.07613576237337
victimization,PC19,19,PAÍS,0.0061810097318169424,0.0061810097318169424,0.013596661379374759,1.359666137937476,96.43580190031085
victimization,PC19,19,ETNIA.BN,0.008573105805745456,0.008573105805745456,0.013596661379374759,1.359666137937476,96.43580190031085
victimization,PC19,19,EDAD,-0.007335588929009892,0.007335588929009892,0.013596661379374759,1.359666137937476,96.43580190031085
victimization,PC19,19,FUGAS.BN,0.0022495915124896232,0.0022495915124896232,0.013596661379374759,1.359666137937476,96.43580190031085
victimization,PC19,19,ABUSOSUBS1,0.009634302627833113,0.009634302627833113,0.013596661379374759,1.359666137937476,96.43580190031085
victimization,PC19,19,ABUSOSUBS2,0.020731533638056535,0.020731533638056535,0.013596661379374759,1.359666137937476,96.43580190031085
victimization,PC19,19,CONVIVEN.1,-0.0011805347824367495,0.0011805347824367495,0.013596661379374759,1.359666137937476,96.43580190031085
victimization,PC19,19,CONVIVEN.2,-0.002626648738635562,0.002626648738635562,0.013596661379374759,1.359666137937476,96.43580190031085
victimization,PC19,19,CONVIVEN.3,0.003504427799038056,0.003504427799038056,0.013596661379374759,1.359666137937476,96.43580190031085
victimization,PC19,19,CONVIVEN.4,0.0035439431667141645,0.0035439431667141645,0.013596661379374759,1.359666137937476,96.43580190031085
victimization,PC19,19,CONVIVEN_H,0.0012376511727717606,0.0012376511727717606,0.013596661379374759,1.359666137937476,96.43580190031085
victimization,PC19,19,CONVIVEN_0,-0.005456031009387962,0.005456031009387962,0.013596661379374759,1.359666137937476,96.43580190031085
victimization,PC19,19,AUTOEFIC.MEAN,0.05353585035266173,0.05353585035266173,0.013596661379374759,1.359666137937476,96.43580190031085
victimization,PC19,19,AUTOEFIC.VAR,-0.027193547815222093,0.027193547815222093,0.013596661379374759,1.359666137937476,96.43580190031085
victimization,PC19,19,IMPULS.MEAN,0.04988896160729876,0.04988896160729876,0.013596661379374759,1.359666137937476,96.43580190031085
victimization,PC19,19,IMPULS.MEDIAN,0.06148548304420682,0.06148548304420682,0.013596661379374759,1.359666137937476,96.43580190031085
victimization,PC19,19,IMPULS.VAR,0.1502645106820081,0.1502645106820081,0.013596661379374759,1.359666137937476,96.43580190031085
victimization,PC19,19,APOYO.MEAN,-0.004909863458973743,0.004909863458973743,0.013596661379374759,1.359666137937476,96.43580190031085
victimization,PC19,19,APOYO.MEDIAN,-0.019270263349539983,0.019270263349539983,0.013596661379374759,1.359666137937476,96.43580190031085
victimization,PC19,19,APOYO.VAR,-0.010252780118108755,0.010252780118108755,0.013596661379374759,1.359666137937476,96.43580190031085
victimization,PC19,19,MORAL.MEAN,0.021130706222787055,0.021130706222787055,0.013596661379374759,1.359666137937476,96.43580190031085
victimization,PC19,19,MORAL.VAR,-0.00918711470453205,0.00918711470453205,0.013596661379374759,1.359666137937476,96.43580190031085
victimization,PC19,19,PORNO.T,0.006581314736538797,0.006581314736538797,0.013596661379374759,1.359666137937476,96.43580190031085
victimization,PC19,19,GENERO.BN0,4.81150805439276e-05,4.81150805439276e-05,0.013596661379374759,1.359666137937476,96.43580190031085
victimization,PC19,19,ORIENTSEX.BN0,0.00027275921361180654,0.00027275921361180654,0.013596661379374759,1.359666137937476,96.43580190031085
victimization,PC19,19,GENERO.BN1,-4.811508054416273e-05,4.811508054416273e-05,0.013596661379374759,1.359666137937476,96.43580190031085
victimization,PC19,19,ORIENTSEX.BN1,-0.00027275921361190466,0.00027275921361190466,0.013596661379374759,1.359666137937476,96.43580190031085
victimization,PC20,20,PAÍS,-0.0073731411084359206,0.0073731411084359206,0.009831246949920802,0.9831246949920802,97.41892659530292
victimization,PC20,20,ETNIA.BN,-0.007195086508589317,0.007195086508589317,0.009831246949920802,0.9831246949920802,97.41892659530292
victimization,PC20,20,EDAD,0.009050728513987517,0.009050728513987517,0.009831246949920802,0.9831246949920802,97.41892659530292
victimization,PC20,20,FUGAS.BN,-0.003739293720081152,0.003739293720081152,0.009831246949920802,0.9831246949920802,97.41892659530292
victimization,PC20,20,ABUSOSUBS1,-0.08916026959611449,0.08916026959611449,0.009831246949920802,0.9831246949920802,97.41892659530292
victimization,PC20,20,ABUSOSUBS2,0.12179298380827369,0.12179298380827369,0.009831246949920802,0.9831246949920802,97.41892659530292
victimization,PC20,20,CONVIVEN.1,-0.0019076249649927297,0.0019076249649927297,0.009831246949920802,0.9831246949920802,97.41892659530292
victimization,PC20,20,CONVIVEN.2,0.007518075252293775,0.007518075252293775,0.009831246949920802,0.9831246949920802,97.41892659530292
victimization,PC20,20,CONVIVEN.3,0.015980625603198868,0.015980625603198868,0.009831246949920802,0.9831246949920802,97.41892659530292
victimization,PC20,20,CONVIVEN.4,-0.028707714964332363,0.028707714964332363,0.009831246949920802,0.9831246949920802,97.41892659530292
victimization,PC20,20,CONVIVEN_H,-0.00040648978324422924,0.00040648978324422924,0.009831246949920802,0.9831246949920802,97.41892659530292
victimization,PC20,20,CONVIVEN_0,0.0036270348846322398,0.0036270348846322398,0.009831246949920802,0.9831246949920802,97.41892659530292
victimization,PC20,20,AUTOEFIC.MEAN,0.0071103687697993195,0.0071103687697993195,0.009831246949920802,0.9831246949920802,97.41892659530292
victimization,PC20,20,AUTOEFIC.VAR,0.020618456469953802,0.020618456469953802,0.009831246949920802,0.9831246949920802,97.41892659530292
victimization,PC20,20,IMPULS.MEAN,-0.0007426478677084422,0.0007426478677084422,0.009831246949920802,0.9831246949920802,97.41892659530292
victimization,PC20,20,IMPULS.MEDIAN,0.0016897805152586228,0.0016897805152586228,0.009831246949920802,0.9831246949920802,97.41892659530292
victimization,PC20,20,IMPULS.VAR,-0.008562150075565236,0.008562150075565236,0.009831246949920802,0.9831246949920802,97.41892659530292
victimization,PC20,20,APOYO.MEAN,0.00019354645260552406,0.00019354645260552406,0.009831246949920802,0.9831246949920802,97.41892659530292
victimization,PC20,20,APOYO.MEDIAN,0.002021049361383451,0.002021049361383451,0.009831246949920802,0.9831246949920802,97.41892659530292
victimization,PC20,20,APOYO.VAR,-0.0001356176332001678,0.0001356176332001678,0.009831246949920802,0.9831246949920802,97.41892659530292
victimization,PC20,20,MORAL.MEAN,0.0004526982370779273,0.0004526982370779273,0.009831246949920802,0.9831246949920802,97.41892659530292
victimization,PC20,20,MORAL.VAR,0.001872616498539901,0.001872616498539901,0.009831246949920802,0.9831246949920802,97.41892659530292
victimization,PC20,20,PORNO.T,0.007126120898307032,0.007126120898307032,0.009831246949920802,0.9831246949920802,97.41892659530292
victimization,PC20,20,GENERO.BN0,-0.004269315109020199,0.004269315109020199,0.009831246949920802,0.9831246949920802,97.41892659530292
victimization,PC20,20,ORIENTSEX.BN0,-0.0017375142458510148,0.0017375142458510148,0.009831246949920802,0.9831246949920802,97.41892659530292
victimization,PC20,20,GENERO.BN1,0.004269315109019879,0.004269315109019879,0.009831246949920802,0.9831246949920802,97.41892659530292
victimization,PC20,20,ORIENTSEX.BN1,0.0017375142458509031,0.0017375142458509031,0.009831246949920802,0.9831246949920802,97.41892659530292
victimization,PC21,21,PAÍS,-0.00709213312595636,0.00709213312595636,0.008882358636468461,0.8882358636468461,98.30716245894978
victimization,PC21,21,ETNIA.BN,-0.0058352669645288235,0.0058352669645288235,0.008882358636468461,0.8882358636468461,98.30716245894978
victimization,PC21,21,EDAD,0.004049160782162196,0.004049160782162196,0.008882358636468461,0.8882358636468461,98.30716245894978
victimization,PC21,21,FUGAS.BN,-0.0013955976340900144,0.0013955976340900144,0.008882358636468461,0.8882358636468461,98.30716245894978
victimization,PC21,21,ABUSOSUBS1,-0.021104019191415753,0.021104019191415753,0.008882358636468461,0.8882358636468461,98.30716245894978
victimization,PC21,21,ABUSOSUBS2,0.024160891363310042,0.024160891363310042,0.008882358636468461,0.8882358636468461,98.30716245894978
victimization,PC21,21,CONVIVEN.1,0.028575036707566902,0.028575036707566902,0.008882358636468461,0.8882358636468461,98.30716245894978
victimization,PC21,21,CONVIVEN.2,-0.006853598494274978,0.006853598494274978,0.008882358636468461,0.8882358636468461,98.30716245894978
victimization,PC21,21,CONVIVEN.3,-0.032006461090444964,0.032006461090444964,0.008882358636468461,0.8882358636468461,98.30716245894978
victimization,PC21,21,CONVIVEN.4,0.1354824103465952,0.1354824103465952,0.008882358636468461,0.8882358636468461,98.30716245894978
victimization,PC21,21,CONVIVEN_H,-0.0029338520692497017,0.0029338520692497017,0.008882358636468461,0.8882358636468461,98.30716245894978
victimization,PC21,21,CONVIVEN_0,0.005059223558862219,0.005059223558862219,0.008882358636468461,0.8882358636468461,98.30716245894978
victimization,PC21,21,AUTOEFIC.MEAN,-0.020843424917119952,0.020843424917119952,0.008882358636468461,0.8882358636468461,98.30716245894978
victimization,PC21,21,AUTOEFIC.VAR,-0.013084209578723562,0.013084209578723562,0.008882358636468461,0.8882358636468461,98.30716245894978
victimization,PC21,21,IMPULS.MEAN,-0.00014004601192430603,0.00014004601192430603,0.008882358636468461,0.8882358636468461,98.30716245894978
victimization,PC21,21,IMPULS.MEDIAN,-0.0031572293374795084,0.0031572293374795084,0.008882358636468461,0.8882358636468461,98.30716245894978
victimization,PC21,21,IMPULS.VAR,0.005894211726660649,0.005894211726660649,0.008882358636468461,0.8882358636468461,98.30716245894978
victimization,PC21,21,APOYO.MEAN,0.0005557352825138901,0.0005557352825138901,0.008882358636468461,0.8882358636468461,98.30716245894978
victimization,PC21,21,APOYO.MEDIAN,0.007754139549504326,0.007754139549504326,0.008882358636468461,0.8882358636468461,98.30716245894978
victimization,PC21,21,APOYO.VAR,0.0028290955598151506,0.0028290955598151506,0.008882358636468461,0.8882358636468461,98.30716245894978
victimization,PC21,21,MORAL.MEAN,-0.01442174626729344,0.01442174626729344,0.008882358636468461,0.8882358636468461,98.30716245894978
victimization,PC21,21,MORAL.VAR,-0.007774652313831009,0.007774652313831009,0.008882358636468461,0.8882358636468461,98.30716245894978
victimization,PC21,21,PORNO.T,-0.00028316661713889007,0.00028316661713889007,0.008882358636468461,0.8882358636468461,98.30716245894978
victimization,PC21,21,GENERO.BN0,-0.001009588432709465,0.001009588432709465,0.008882358636468461,0.8882358636468461,98.30716245894978
victimization,PC21,21,ORIENTSEX.BN0,7.889717913997332e-05,7.889717913997332e-05,0.008882358636468461,0.8882358636468461,98.30716245894978
victimization,PC21,21,GENERO.BN1,0.0010095884327095289,0.0010095884327095289,0.008882358636468461,0.8882358636468461,98.30716245894978
victimization,PC21,21,ORIENTSEX.BN1,-7.889717913999228e-05,7.889717913999228e-05,0.008882358636468461,0.8882358636468461,98.30716245894978
victimization,PC22,22,PAÍS,-0.0013672775174588905,0.0013672775174588905,0.007650014902588947,0.7650014902588947,99.07216394920867
victimization,PC22,22,ETNIA.BN,-0.002409701485631953,0.002409701485631953,0.007650014902588947,0.7650014902588947,99.07216394920867
victimization,PC22,22,EDAD,-0.0034903279592738774,0.0034903279592738774,0.007650014902588947,0.7650014902588947,99.07216394920867
victimization,PC22,22,FUGAS.BN,0.0006035066430661792,0.0006035066430661792,0.007650014902588947,0.7650014902588947,99.07216394920867
victimization,PC22,22,ABUSOSUBS1,0.008819023606952942,0.008819023606952942,0.007650014902588947,0.7650014902588947,99.07216394920867
victimization,PC22,22,ABUSOSUBS2,-0.008355504254154317,0.008355504254154317,0.007650014902588947,0.7650014902588947,99.07216394920867
victimization,PC22,22,CONVIVEN.1,0.007093217340004797,0.007093217340004797,0.007650014902588947,0.7650014902588947,99.07216394920867
victimization,PC22,22,CONVIVEN.2,-0.0017232014030550483,0.0017232014030550483,0.007650014902588947,0.7650014902588947,99.07216394920867
victimization,PC22,22,CONVIVEN.3,-0.009718863471328056,0.009718863471328056,0.007650014902588947,0.7650014902588947,99.07216394920867
victimization,PC22,22,CONVIVEN.4,0.026037807295566255,0.026037807295566255,0.007650014902588947,0.7650014902588947,99.07216394920867
victimization,PC22,22,CONVIVEN_H,-0.0003951562564707357,0.0003951562564707357,0.007650014902588947,0.7650014902588947,99.07216394920867
victimization,PC22,22,CONVIVEN_0,0.0011955980991519453,0.0011955980991519453,0.007650014902588947,0.7650014902588947,99.07216394920867
victimization,PC22,22,AUTOEFIC.MEAN,0.08680676187976331,0.08680676187976331,0.007650014902588947,0.7650014902588947,99.07216394920867
victimization,PC22,22,AUTOEFIC.VAR,0.09104261262022392,0.09104261262022392,0.007650014902588947,0.7650014902588947,99.07216394920867
victimization,PC22,22,IMPULS.MEAN,0.004937064189740352,0.004937064189740352,0.007650014902588947,0.7650014902588947,99.07216394920867
victimization,PC22,22,IMPULS.MEDIAN,0.019012710459570155,0.019012710459570155,0.007650014902588947,0.7650014902588947,99.07216394920867
victimization,PC22,22,IMPULS.VAR,-0.030225870772050117,0.030225870772050117,0.007650014902588947,0.7650014902588947,99.07216394920867
victimization,PC22,22,APOYO.MEAN,-0.0005974893287695713,0.0005974893287695713,0.007650014902588947,0.7650014902588947,99.07216394920867
victimization,PC22,22,APOYO.MEDIAN,-0.02872036319042797,0.02872036319042797,0.007650014902588947,0.7650014902588947,99.07216394920867
victimization,PC22,22,APOYO.VAR,-0.00971972582805023,0.00971972582805023,0.007650014902588947,0.7650014902588947,99.07216394920867
victimization,PC22,22,MORAL.MEAN,0.015242971591735606,0.015242971591735606,0.007650014902588947,0.7650014902588947,99.07216394920867
victimization,PC22,22,MORAL.VAR,-0.003193324888579289,0.003193324888579289,0.007650014902588947,0.7650014902588947,99.07216394920867
victimization,PC22,22,PORNO.T,-0.001307200137513339,0.001307200137513339,0.007650014902588947,0.7650014902588947,99.07216394920867
victimization,PC22,22,GENERO.BN0,-0.0017598466022789726,0.0017598466022789726,0.007650014902588947,0.7650014902588947,99.07216394920867
victimization,PC22,22,ORIENTSEX.BN0,-0.0010733307398474255,0.0010733307398474255,0.007650014902588947,0.7650014902588947,99.07216394920867
victimization,PC22,22,GENERO.BN1,0.0017598466022787696,0.0017598466022787696,0.007650014902588947,0.7650014902588947,99.07216394920867
victimization,PC22,22,ORIENTSEX.BN1,0.001073330739847435,0.001073330739847435,0.007650014902588947,0.7650014902588947,99.07216394920867
victimization,PC23,23,PAÍS,-0.0008562575912842699,0.0008562575912842699,0.006630712052703297,0.6630712052703297,99.735235154479
victimization,PC23,23,ETNIA.BN,0.00023904652131232393,0.00023904652131232393,0.006630712052703297,0.6630712052703297,99.735235154479
victimization,PC23,23,EDAD,-0.00033041291636679785,0.00033041291636679785,0.006630712052703297,0.6630712052703297,99.735235154479
victimization,PC23,23,FUGAS.BN,0.000575755156123108,0.000575755156123108,0.006630712052703297,0.6630712052703297,99.735235154479
victimization,PC23,23,ABUSOSUBS1,-0.0028491295272846536,0.0028491295272846536,0.006630712052703297,0.6630712052703297,99.735235154479
victimization,PC23,23,ABUSOSUBS2,0.002014187932041976,0.002014187932041976,0.006630712052703297,0.6630712052703297,99.735235154479
victimization,PC23,23,CONVIVEN.1,0.0006120361009820494,0.0006120361009820494,0.006630712052703297,0.6630712052703297,99.735235154479
victimization,PC23,23,CONVIVEN.2,0.00046611407783698095,0.00046611407783698095,0.006630712052703297,0.6630712052703297,99.735235154479
victimization,PC23,23,CONVIVEN.3,-0.003154396491293021,0.003154396491293021,0.006630712052703297,0.6630712052703297,99.735235154479
victimization,PC23,23,CONVIVEN.4,0.011468312805524438,0.011468312805524438,0.006630712052703297,0.6630712052703297,99.735235154479
victimization,PC23,23,CONVIVEN_H,-0.0005552264910342697,0.0005552264910342697,0.006630712052703297,0.6630712052703297,99.735235154479
victimization,PC23,23,CONVIVEN_0,-0.003245850147785529,0.003245850147785529,0.006630712052703297,0.6630712052703297,99.735235154479
victimization,PC23,23,AUTOEFIC.MEAN,-0.005801409229504245,0.005801409229504245,0.006630712052703297,0.6630712052703297,99.735235154479
victimization,PC23,23,AUTOEFIC.VAR,-0.018037112019293713,0.018037112019293713,0.006630712052703297,0.6630712052703297,99.735235154479
victimization,PC23,23,IMPULS.MEAN,0.0027421049693466784,0.0027421049693466784,0.006630712052703297,0.6630712052703297,99.735235154479
victimization,PC23,23,IMPULS.MEDIAN,0.008952807042889664,0.008952807042889664,0.006630712052703297,0.6630712052703297,99.735235154479
victimization,PC23,23,IMPULS.VAR,-0.013314566970815471,0.013314566970815471,0.006630712052703297,0.6630712052703297,99.735235154479
victimization,PC23,23,APOYO.MEAN,0.0018871514642480696,0.0018871514642480696,0.006630712052703297,0.6630712052703297,99.735235154479
victimization,PC23,23,APOYO.MEDIAN,-0.0104604678722177,0.0104604678722177,0.006630712052703297,0.6630712052703297,99.735235154479
victimization,PC23,23,APOYO.VAR,-0.002823864162406593,0.002823864162406593,0.006630712052703297,0.6630712052703297,99.735235154479
victimization,PC23,23,MORAL.MEAN,0.08206022666054291,0.08206022666054291,0.006630712052703297,0.6630712052703297,99.735235154479
victimization,PC23,23,MORAL.VAR,0.09521904401156332,0.09521904401156332,0.006630712052703297,0.6630712052703297,99.735235154479
victimization,PC23,23,PORNO.T,-0.0009225074428839353,0.0009225074428839353,0.006630712052703297,0.6630712052703297,99.735235154479
victimization,PC23,23,GENERO.BN0,0.0018134436358861444,0.0018134436358861444,0.006630712052703297,0.6630712052703297,99.735235154479
victimization,PC23,23,ORIENTSEX.BN0,-0.0008931819219720307,0.0008931819219720307,0.006630712052703297,0.6630712052703297,99.735235154479
victimization,PC23,23,GENERO.BN1,-0.0018134436358862225,0.0018134436358862225,0.006630712052703297,0.6630712052703297,99.735235154479
victimization,PC23,23,ORIENTSEX.BN1,0.0008931819219720939,0.0008931819219720939,0.006630712052703297,0.6630712052703297,99.735235154479
victimization,PC24,24,PAÍS,0.0009226487987645319,0.0009226487987645319,0.0015876609493856058,0.1587660949385606,99.89400124941756
victimization,PC24,24,ETNIA.BN,0.0006420020370972766,0.0006420020370972766,0.0015876609493856058,0.1587660949385606,99.89400124941756
victimization,PC24,24,EDAD,0.0002048171815057648,0.0002048171815057648,0.0015876609493856058,0.1587660949385606,99.89400124941756
victimization,PC24,24,FUGAS.BN,-2.9281814065008762e-05,2.9281814065008762e-05,0.0015876609493856058,0.1587660949385606,99.89400124941756
victimization,PC24,24,ABUSOSUBS1,-0.0007537801318164409,0.0007537801318164409,0.0015876609493856058,0.1587660949385606,99.89400124941756
victimization,PC24,24,ABUSOSUBS2,0.0005415853072211337,0.0005415853072211337,0.0015876609493856058,0.1587660949385606,99.89400124941756
victimization,PC24,24,CONVIVEN.1,0.0006718558593406834,0.0006718558593406834,0.0015876609493856058,0.1587660949385606,99.89400124941756
victimization,PC24,24,CONVIVEN.2,-0.0001359504676622203,0.0001359504676622203,0.0015876609493856058,0.1587660949385606,99.89400124941756
victimization,PC24,24,CONVIVEN.3,0.0007032829180216786,0.0007032829180216786,0.0015876609493856058,0.1587660949385606,99.89400124941756
victimization,PC24,24,CONVIVEN.4,-0.0003251031993669783,0.0003251031993669783,0.0015876609493856058,0.1587660949385606,99.89400124941756
victimization,PC24,24,CONVIVEN_H,-0.00014468011853537328,0.00014468011853537328,0.0015876609493856058,0.1587660949385606,99.89400124941756
victimization,PC24,24,CONVIVEN_0,0.00039237239421161083,0.00039237239421161083,0.0015876609493856058,0.1587660949385606,99.89400124941756
victimization,PC24,24,AUTOEFIC.MEAN,-0.004665892941613385,0.004665892941613385,0.0015876609493856058,0.1587660949385606,99.89400124941756
victimization,PC24,24,AUTOEFIC.VAR,-0.0029485098315604422,0.0029485098315604422,0.0015876609493856058,0.1587660949385606,99.89400124941756
victimization,PC24,24,IMPULS.MEAN,-0.0009628787167801287,0.0009628787167801287,0.0015876609493856058,0.1587660949385606,99.89400124941756
victimization,PC24,24,IMPULS.MEDIAN,0.0015737716720263975,0.0015737716720263975,0.0015876609493856058,0.1587660949385606,99.89400124941756
victimization,PC24,24,IMPULS.VAR,-0.00022373667994122088,0.00022373667994122088,0.0015876609493856058,0.1587660949385606,99.89400124941756
victimization,PC24,24,APOYO.MEAN,0.05297036496652266,0.05297036496652266,0.0015876609493856058,0.1587660949385606,99.89400124941756
victimization,PC24,24,APOYO.MEDIAN,-0.03051995531155636,0.03051995531155636,0.0015876609493856058,0.1587660949385606,99.89400124941756
victimization,PC24,24,APOYO.VAR,0.014646300744957307,0.014646300744957307,0.0015876609493856058,0.1587660949385606,99.89400124941756
victimization,PC24,24,MORAL.MEAN,-0.0028867247559988445,0.0028867247559988445,0.0015876609493856058,0.1587660949385606,99.89400124941756
victimization,PC24,24,MORAL.VAR,-0.002420813281414091,0.002420813281414091,0.0015876609493856058,0.1587660949385606,99.89400124941756
victimization,PC24,24,PORNO.T,0.0004905109943323995,0.0004905109943323995,0.0015876609493856058,0.1587660949385606,99.89400124941756
victimization,PC24,24,GENERO.BN0,-0.00011486728727363538,0.00011486728727363538,0.0015876609493856058,0.1587660949385606,99.89400124941756
victimization,PC24,24,ORIENTSEX.BN0,-8.875806273499069e-08,8.875806273499069e-08,0.0015876609493856058,0.1587660949385606,99.89400124941756
victimization,PC24,24,GENERO.BN1,0.00011486728727324569,0.00011486728727324569,0.0015876609493856058,0.1587660949385606,99.89400124941756
victimization,PC24,24,ORIENTSEX.BN1,8.875806267424306e-08,8.875806267424306e-08,0.0015876609493856058,0.1587660949385606,99.89400124941756
victimization,PC25,25,PAÍS,9.262649385183389e-05,9.262649385183389e-05,0.0010599875058243835,0.10599875058243835,99.99999999999999
victimization,PC25,25,ETNIA.BN,-0.0001399450148472387,0.0001399450148472387,0.0010599875058243835,0.10599875058243835,99.99999999999999
victimization,PC25,25,EDAD,-5.6075192730684806e-05,5.6075192730684806e-05,0.0010599875058243835,0.10599875058243835,99.99999999999999
victimization,PC25,25,FUGAS.BN,0.00013292397614551686,0.00013292397614551686,0.0010599875058243835,0.10599875058243835,99.99999999999999
victimization,PC25,25,ABUSOSUBS1,-0.00025246635122545054,0.00025246635122545054,0.0010599875058243835,0.10599875058243835,99.99999999999999
victimization,PC25,25,ABUSOSUBS2,-0.00011332921576393512,0.00011332921576393512,0.0010599875058243835,0.10599875058243835,99.99999999999999
victimization,PC25,25,CONVIVEN.1,0.00028102293408473645,0.00028102293408473645,0.0010599875058243835,0.10599875058243835,99.99999999999999
victimization,PC25,25,CONVIVEN.2,-4.980252708314555e-06,4.980252708314555e-06,0.0010599875058243835,0.10599875058243835,99.99999999999999
victimization,PC25,25,CONVIVEN.3,0.0002559318209921769,0.0002559318209921769,0.0010599875058243835,0.10599875058243835,99.99999999999999
victimization,PC25,25,CONVIVEN.4,-0.0001147427193108759,0.0001147427193108759,0.0010599875058243835,0.10599875058243835,99.99999999999999
victimization,PC25,25,CONVIVEN_H,-0.0002496879225329067,0.0002496879225329067,0.0010599875058243835,0.10599875058243835,99.99999999999999
victimization,PC25,25,CONVIVEN_0,-1.7925346423721423e-06,1.7925346423721423e-06,0.0010599875058243835,0.10599875058243835,99.99999999999999
victimization,PC25,25,AUTOEFIC.MEAN,0.0009942815466796,0.0009942815466796,0.0010599875058243835,0.10599875058243835,99.99999999999999
victimization,PC25,25,AUTOEFIC.VAR,0.0009442933059709491,0.0009442933059709491,0.0010599875058243835,0.10599875058243835,99.99999999999999
victimization,PC25,25,IMPULS.MEAN,0.04409668820531137,0.04409668820531137,0.0010599875058243835,0.10599875058243835,99.99999999999999
victimization,PC25,25,IMPULS.MEDIAN,-0.026605047758666997,0.026605047758666997,0.0010599875058243835,0.10599875058243835,99.99999999999999
victimization,PC25,25,IMPULS.VAR,-0.0038761751314073164,0.0038761751314073164,0.0010599875058243835,0.10599875058243835,99.99999999999999
victimization,PC25,25,APOYO.MEAN,0.0014270008278840884,0.0014270008278840884,0.0010599875058243835,0.10599875058243835,99.99999999999999
victimization,PC25,25,APOYO.MEDIAN,-0.0001517699085972917,0.0001517699085972917,0.0010599875058243835,0.10599875058243835,99.99999999999999
victimization,PC25,25,APOYO.VAR,0.0008699006128724702,0.0008699006128724702,0.0010599875058243835,0.10599875058243835,99.99999999999999
victimization,PC25,25,MORAL.MEAN,0.0005706332739724871,0.0005706332739724871,0.0010599875058243835,0.10599875058243835,99.99999999999999
victimization,PC25,25,MORAL.VAR,0.0004380675019320805,0.0004380675019320805,0.0010599875058243835,0.10599875058243835,99.99999999999999
victimization,PC25,25,PORNO.T,9.389858826977336e-05,9.389858826977336e-05,0.0010599875058243835,0.10599875058243835,99.99999999999999
victimization,PC25,25,GENERO.BN0,-0.000152246289418419,0.000152246289418419,0.0010599875058243835,0.10599875058243835,99.99999999999999
victimization,PC25,25,ORIENTSEX.BN0,-4.192661078422098e-05,4.192661078422098e-05,0.0010599875058243835,0.10599875058243835,99.99999999999999
victimization,PC25,25,GENERO.BN1,0.0001522462894184806,0.0001522462894184806,0.0010599875058243835,0.10599875058243835,99.99999999999999
victimization,PC25,25,ORIENTSEX.BN1,4.192661078430597e-05,4.192661078430597e-05,0.0010599875058243835,0.10599875058243835,99.99999999999999
victimization,PC26,26,PAÍS,-0.0,0.0,0.0,0.0,99.99999999999999
victimization,PC26,26,ETNIA.BN,-0.0,0.0,0.0,0.0,99.99999999999999
victimization,PC26,26,EDAD,-0.0,0.0,0.0,0.0,99.99999999999999
victimization,PC26,26,FUGAS.BN,0.0,0.0,0.0,0.0,99.99999999999999
victimization,PC26,26,ABUSOSUBS1,-0.0,0.0,0.0,0.0,99.99999999999999
victimization,PC26,26,ABUSOSUBS2,0.0,0.0,0.0,0.0,99.99999999999999
victimization,PC26,26,CONVIVEN.1,-0.0,0.0,0.0,0.0,99.99999999999999
victimization,PC26,26,CONVIVEN.2,-0.0,0.0,0.0,0.0,99.99999999999999
victimization,PC26,26,CONVIVEN.3,-0.0,0.0,0.0,0.0,99.99999999999999
victimization,PC26,26,CONVIVEN.4,0.0,0.0,0.0,0.0,99.99999999999999
victimization,PC26,26,CONVIVEN_H,0.0,0.0,0.0,0.0,99.99999999999999
victimization,PC26,26,CONVIVEN_0,0.0,0.0,0.0,0.0,99.99999999999999
victimization,PC26,26,AUTOEFIC.MEAN,-0.0,0.0,0.0,0.0,99.99999999999999
victimization,PC26,26,AUTOEFIC.VAR,0.0,0.0,0.0,0.0,99.99999999999999
victimization,PC26,26,IMPULS.MEAN,-0.0,0.0,0.0,0.0,99.99999999999999
victimization,PC26,26,IMPULS.MEDIAN,0.0,0.0,0.0,0.0,99.99999999999999
victimization,PC26,26,IMPULS.VAR,0.0,0.0,0.0,0.0,99.99999999999999
victimization,PC26,26,APOYO.MEAN,0.0,0.0,0.0,0.0,99.99999999999999
victimization,PC26,26,APOYO.MEDIAN,-0.0,0.0,0.0,0.0,99.99999999999999
victimization,PC26,26,APOYO.VAR,-0.0,0.0,0.0,0.0,99.99999999999999
victimization,PC26,26,MORAL.MEAN,-0.0,0.0,0.0,0.0,99.99999999999999
victimization,PC26,26,MORAL.VAR,-0.0,0.0,0.0,0.0,99.99999999999999
victimization,PC26,26,PORNO.T,0.0,0.0,0.0,0.0,99.99999999999999
victimization,PC26,26,GENERO.BN0,0.0,0.0,0.0,0.0,99.99999999999999
victimization,PC26,26,ORIENTSEX.BN0,0.0,0.0,0.0,0.0,99.99999999999999
victimization,PC26,26,GENERO.BN1,0.0,0.0,0.0,0.0,99.99999999999999
victimization,PC26,26,ORIENTSEX.BN1,0.0,0.0,0.0,0.0,99.99999999999999
victimization,PC27,27,PAÍS,0.0,0.0,0.0,0.0,99.99999999999999
victimization,PC27,27,ETNIA.BN,0.0,0.0,0.0,0.0,99.99999999999999
victimization,PC27,27,EDAD,-0.0,0.0,0.0,0.0,99.99999999999999
victimization,PC27,27,FUGAS.BN,-0.0,0.0,0.0,0.0,99.99999999999999
victimization,PC27,27,ABUSOSUBS1,-0.0,0.0,0.0,0.0,99.99999999999999
victimization,PC27,27,ABUSOSUBS2,0.0,0.0,0.0,0.0,99.99999999999999
victimization,PC27,27,CONVIVEN.1,-0.0,0.0,0.0,0.0,99.99999999999999
victimization,PC27,27,CONVIVEN.2,-0.0,0.0,0.0,0.0,99.99999999999999
victimization,PC27,27,CONVIVEN.3,-0.0,0.0,0.0,0.0,99.99999999999999
victimization,PC27,27,CONVIVEN.4,-0.0,0.0,0.0,0.0,99.99999999999999
victimization,PC27,27,CONVIVEN_H,0.0,0.0,0.0,0.0,99.99999999999999
victimization,PC27,27,CONVIVEN_0,-0.0,0.0,0.0,0.0,99.99999999999999
victimization,PC27,27,AUTOEFIC.MEAN,0.0,0.0,0.0,0.0,99.99999999999999
victimization,PC27,27,AUTOEFIC.VAR,-0.0,0.0,0.0,0.0,99.99999999999999
victimization,PC27,27,IMPULS.MEAN,-0.0,0.0,0.0,0.0,99.99999999999999
victimization,PC27,27,IMPULS.MEDIAN,0.0,0.0,0.0,0.0,99.99999999999999
victimization,PC27,27,IMPULS.VAR,0.0,0.0,0.0,0.0,99.99999999999999
victimization,PC27,27,APOYO.MEAN,0.0,0.0,0.0,0.0,99.99999999999999
victimization,PC27,27,APOYO.MEDIAN,-0.0,0.0,0.0,0.0,99.99999999999999
victimization,PC27,27,APOYO.VAR,-0.0,0.0,0.0,0.0,99.99999999999999
victimization,PC27,27,MORAL.MEAN,-0.0,0.0,0.0,0.0,99.99999999999999
victimization,PC27,27,MORAL.VAR,0.0,0.0,0.0,0.0,99.99999999999999
victimization,PC27,27,PORNO.T,0.0,0.0,0.0,0.0,99.99999999999999
victimization,PC27,27,GENERO.BN0,0.0,0.0,0.0,0.0,99.99999999999999
victimization,PC27,27,ORIENTSEX.BN0,-0.0,0.0,0.0,0.0,99.99999999999999
victimization,PC27,27,GENERO.BN1,0.0,0.0,0.0,0.0,99.99999999999999
victimization,PC27,27,ORIENTSEX.BN1,-0.0,0.0,0.0,0.0,99.99999999999999
