u1,a1,d1,u2,a2,d2,recall_0,recall_1
64,relu,0.3,16,relu,0.1,0.5922330097087378,0.6877828054298643
64,relu,0.3,16,relu,0.05,0.550624133148405,0.6923076923076923
64,relu,0.3,16,relu,0.0,0.3883495145631068,0.7601809954751131
64,relu,0.3,16,linear,0.1,0.6435506241331485,0.6380090497737556
64,relu,0.3,16,linear,0.05,0.6629680998613038,0.6244343891402715
64,relu,0.3,16,linear,0.0,0.5575589459084604,0.6877828054298643
64,relu,0.3,16,tanh,0.1,0.636615811373093,0.6515837104072398
64,relu,0.3,16,tanh,0.05,0.5520110957004161,0.6018099547511312
64,relu,0.3,16,tanh,0.0,0.44660194174757284,0.6515837104072398
64,relu,0.3,16,sigmoid,0.1,0.0027739251040221915,1.0
64,relu,0.3,16,sigmoid,0.05,0.5339805825242718,0.6832579185520362
64,relu,0.3,16,sigmoid,0.0,0.5492371705963939,0.7239819004524887
64,relu,0.3,8,relu,0.1,0.47295423023578365,0.755656108597285
64,relu,0.3,8,relu,0.05,0.6380027739251041,0.6561085972850679
64,relu,0.3,8,relu,0.0,0.6158113730929264,0.6742081447963801
64,relu,0.3,8,linear,0.1,0.5880721220527045,0.6380090497737556
64,relu,0.3,8,linear,0.05,0.6712898751733704,0.6108597285067874
64,relu,0.3,8,linear,0.0,0.636615811373093,0.6063348416289592
64,relu,0.3,8,tanh,0.1,0.6768377253814147,0.6425339366515838
64,relu,0.3,8,tanh,0.05,0.6019417475728155,0.583710407239819
64,relu,0.3,8,tanh,0.0,0.651872399445215,0.6515837104072398
64,relu,0.3,8,sigmoid,0.1,0.6269070735090153,0.665158371040724
64,relu,0.3,8,sigmoid,0.05,0.0,1.0
64,relu,0.3,8,sigmoid,0.0,0.6421636615811374,0.6515837104072398
64,relu,0.3,4,relu,0.1,0.6560332871012483,0.6425339366515838
64,relu,0.3,4,relu,0.05,0.5644937586685159,0.5520361990950227
64,relu,0.3,4,relu,0.0,0.6296809986130375,0.665158371040724
64,relu,0.3,4,linear,0.1,0.6435506241331485,0.6425339366515838
64,relu,0.3,4,linear,0.05,0.6546463245492372,0.6199095022624435
64,relu,0.3,4,linear,0.0,0.579750346740638,0.5701357466063348
64,relu,0.3,4,tanh,0.1,0.6560332871012483,0.6606334841628959
64,relu,0.3,4,tanh,0.05,0.550624133148405,0.7104072398190046
64,relu,0.3,4,tanh,0.0,0.624133148404993,0.6289592760180995
64,relu,0.3,4,sigmoid,0.1,0.6352288488210819,0.6787330316742082
64,relu,0.3,4,sigmoid,0.05,0.2510402219140083,0.8190045248868778
64,relu,0.3,4,sigmoid,0.0,1.0,0.0
64,relu,0.2,16,relu,0.1,0.43828016643550627,0.6877828054298643
64,relu,0.2,16,relu,0.05,0.5381414701803051,0.6832579185520362
64,relu,0.2,16,relu,0.0,0.624133148404993,0.7013574660633484
64,relu,0.2,16,linear,0.1,0.5145631067961165,0.669683257918552
64,relu,0.2,16,linear,0.05,0.536754507628294,0.6832579185520362
64,relu,0.2,16,linear,0.0,0.6185852981969486,0.6515837104072398
64,relu,0.2,16,tanh,0.1,0.4618585298196949,0.6923076923076923
64,relu,0.2,16,tanh,0.05,0.5728155339805825,0.665158371040724
64,relu,0.2,16,tanh,0.0,0.6893203883495146,0.4660633484162896
64,relu,0.2,16,sigmoid,0.1,0.6102635228848821,0.6606334841628959
64,relu,0.2,16,sigmoid,0.05,0.6130374479889042,0.669683257918552
64,relu,0.2,16,sigmoid,0.0,0.6130374479889042,0.669683257918552
64,relu,0.2,8,relu,0.1,0.47434119278779474,0.6877828054298643
64,relu,0.2,8,relu,0.05,0.32038834951456313,0.8190045248868778
64,relu,0.2,8,relu,0.0,0.6449375866851595,0.6289592760180995
64,relu,0.2,8,linear,0.1,0.6740638002773925,0.6425339366515838
64,relu,0.2,8,linear,0.05,0.5728155339805825,0.6515837104072398
64,relu,0.2,8,linear,0.0,0.536754507628294,0.6380090497737556
64,relu,0.2,8,tanh,0.1,0.44660194174757284,0.7194570135746606
64,relu,0.2,8,tanh,0.05,0.6671289875173371,0.6470588235294118
64,relu,0.2,8,tanh,0.0,0.565880721220527,0.5746606334841629
64,relu,0.2,8,sigmoid,0.1,0.0,1.0
64,relu,0.2,8,sigmoid,0.05,0.09015256588072122,0.9230769230769231
64,relu,0.2,8,sigmoid,0.0,0.04854368932038835,0.9864253393665159
64,relu,0.2,4,relu,0.1,0.6227461858529819,0.6289592760180995
64,relu,0.2,4,relu,0.05,0.478502080443828,0.7375565610859729
64,relu,0.2,4,relu,0.0,0.3245492371705964,0.7873303167420814
64,relu,0.2,4,linear,0.1,0.6699029126213593,0.6470588235294118
64,relu,0.2,4,linear,0.05,0.4368932038834951,0.751131221719457
64,relu,0.2,4,linear,0.0,0.42163661581137307,0.8054298642533937
64,relu,0.2,4,tanh,0.1,0.4812760055478502,0.7737556561085973
64,relu,0.2,4,tanh,0.05,0.5492371705963939,0.6968325791855203
64,relu,0.2,4,tanh,0.0,0.6546463245492372,0.669683257918552
64,relu,0.2,4,sigmoid,0.1,0.6879334257975035,0.6470588235294118
64,relu,0.2,4,sigmoid,0.05,0.6324549237170597,0.6742081447963801
64,relu,0.2,4,sigmoid,0.0,0.6213592233009708,0.6832579185520362
64,relu,0.1,16,relu,0.1,0.6324549237170597,0.6787330316742082
64,relu,0.1,16,relu,0.05,0.6712898751733704,0.6425339366515838
64,relu,0.1,16,relu,0.0,0.5922330097087378,0.6606334841628959
64,relu,0.1,16,linear,0.1,0.5048543689320388,0.6968325791855203
64,relu,0.1,16,linear,0.05,0.6171983356449375,0.6606334841628959
64,relu,0.1,16,linear,0.0,0.5894590846047156,0.7013574660633484
64,relu,0.1,16,tanh,0.1,0.608876560332871,0.6742081447963801
64,relu,0.1,16,tanh,0.05,0.636615811373093,0.497737556561086
64,relu,0.1,16,tanh,0.0,0.6435506241331485,0.669683257918552
64,relu,0.1,16,sigmoid,0.1,0.0319001386962552,0.9864253393665159
64,relu,0.1,16,sigmoid,0.05,0.0,1.0
64,relu,0.1,16,sigmoid,0.0,0.02912621359223301,0.9683257918552036
64,relu,0.1,8,relu,0.1,0.5894590846047156,0.6923076923076923
64,relu,0.1,8,relu,0.05,0.435506241331484,0.6244343891402715
64,relu,0.1,8,relu,0.0,0.550624133148405,0.47058823529411764
64,relu,0.1,8,linear,0.1,0.6699029126213593,0.6561085972850679
64,relu,0.1,8,linear,0.05,0.6823855755894591,0.6561085972850679
64,relu,0.1,8,linear,0.0,0.6629680998613038,0.5972850678733032
64,relu,0.1,8,tanh,0.1,0.5104022191400832,0.6923076923076923
64,relu,0.1,8,tanh,0.05,0.4368932038834951,0.6877828054298643
64,relu,0.1,8,tanh,0.0,0.5866851595006934,0.6561085972850679
64,relu,0.1,8,sigmoid,0.1,0.14563106796116504,0.8868778280542986
64,relu,0.1,8,sigmoid,0.05,0.6490984743411928,0.6561085972850679
64,relu,0.1,8,sigmoid,0.0,0.0,1.0
64,relu,0.1,4,relu,0.1,0.6490984743411928,0.6561085972850679
64,relu,0.1,4,relu,0.05,0.6393897364771152,0.6470588235294118
64,relu,0.1,4,relu,0.0,0.6851595006934813,0.6470588235294118
64,relu,0.1,4,linear,0.1,0.5742024965325936,0.6244343891402715
64,relu,0.1,4,linear,0.05,0.565880721220527,0.6968325791855203
64,relu,0.1,4,linear,0.0,0.43134535367545074,0.751131221719457
64,relu,0.1,4,tanh,0.1,0.5811373092926491,0.6380090497737556
64,relu,0.1,4,tanh,0.05,0.6920943134535368,0.6334841628959276
64,relu,0.1,4,tanh,0.0,0.6421636615811374,0.6515837104072398
64,relu,0.1,4,sigmoid,0.1,0.09292649098474341,0.9638009049773756
64,relu,0.1,4,sigmoid,0.05,0.0,1.0
64,relu,0.1,4,sigmoid,0.0,0.6532593619972261,0.6380090497737556
64,linear,0.3,16,relu,0.1,0.651872399445215,0.6380090497737556
64,linear,0.3,16,relu,0.05,0.636615811373093,0.669683257918552
64,linear,0.3,16,relu,0.0,0.5520110957004161,0.6923076923076923
64,linear,0.3,16,linear,0.1,0.6574202496532594,0.6425339366515838
64,linear,0.3,16,linear,0.05,0.6144244105409153,0.6470588235294118
64,linear,0.3,16,linear,0.0,0.6352288488210819,0.6561085972850679
64,linear,0.3,16,tanh,0.1,0.6643550624133149,0.6380090497737556
64,linear,0.3,16,tanh,0.05,0.680998613037448,0.6380090497737556
64,linear,0.3,16,tanh,0.0,0.6588072122052705,0.6606334841628959
64,linear,0.3,16,sigmoid,0.1,0.0,1.0
64,linear,0.3,16,sigmoid,0.05,0.0027739251040221915,0.995475113122172
64,linear,0.3,16,sigmoid,0.0,0.6269070735090153,0.6606334841628959
64,linear,0.3,8,relu,0.1,0.6380027739251041,0.6425339366515838
64,linear,0.3,8,relu,0.05,0.43966712898751736,0.7194570135746606
64,linear,0.3,8,relu,0.0,0.5187239944521498,0.6968325791855203
64,linear,0.3,8,linear,0.1,0.6671289875173371,0.6380090497737556
64,linear,0.3,8,linear,0.05,0.6421636615811374,0.6380090497737556
64,linear,0.3,8,linear,0.0,0.6629680998613038,0.6425339366515838
64,linear,0.3,8,tanh,0.1,0.6130374479889042,0.6787330316742082
64,linear,0.3,8,tanh,0.05,0.6588072122052705,0.6334841628959276
64,linear,0.3,8,tanh,0.0,0.6144244105409153,0.6787330316742082
64,linear,0.3,8,sigmoid,0.1,0.6643550624133149,0.6380090497737556
64,linear,0.3,8,sigmoid,0.05,0.0,1.0
64,linear,0.3,8,sigmoid,0.0,0.6047156726768377,0.6470588235294118
64,linear,0.3,4,relu,0.1,0.5339805825242718,0.6877828054298643
64,linear,0.3,4,relu,0.05,0.6407766990291263,0.669683257918552
64,linear,0.3,4,relu,0.0,0.6296809986130375,0.6606334841628959
64,linear,0.3,4,linear,0.1,0.6823855755894591,0.6289592760180995
64,linear,0.3,4,linear,0.05,0.6726768377253814,0.6425339366515838
64,linear,0.3,4,linear,0.0,0.6754507628294036,0.6380090497737556
64,linear,0.3,4,tanh,0.1,0.6546463245492372,0.6606334841628959
64,linear,0.3,4,tanh,0.05,0.6740638002773925,0.6334841628959276
64,linear,0.3,4,tanh,0.0,0.6629680998613038,0.6425339366515838
64,linear,0.3,4,sigmoid,0.1,0.0,1.0
64,linear,0.3,4,sigmoid,0.05,0.0,1.0
64,linear,0.3,4,sigmoid,0.0,0.006934812760055479,0.9909502262443439
64,linear,0.2,16,relu,0.1,0.6699029126213593,0.6244343891402715
64,linear,0.2,16,relu,0.05,0.680998613037448,0.6289592760180995
64,linear,0.2,16,relu,0.0,0.6962552011095701,0.6018099547511312
64,linear,0.2,16,linear,0.1,0.5894590846047156,0.6561085972850679
64,linear,0.2,16,linear,0.05,0.6823855755894591,0.6334841628959276
64,linear,0.2,16,linear,0.0,0.6588072122052705,0.6199095022624435
64,linear,0.2,16,tanh,0.1,0.6490984743411928,0.6515837104072398
64,linear,0.2,16,tanh,0.05,0.6560332871012483,0.6470588235294118
64,linear,0.2,16,tanh,0.0,0.6796116504854369,0.6334841628959276
64,linear,0.2,16,sigmoid,0.1,0.665742024965326,0.6334841628959276
64,linear,0.2,16,sigmoid,0.05,0.6754507628294036,0.6425339366515838
64,linear,0.2,16,sigmoid,0.0,0.6726768377253814,0.665158371040724
64,linear,0.2,8,relu,0.1,0.6463245492371706,0.6470588235294118
64,linear,0.2,8,relu,0.05,0.6158113730929264,0.669683257918552
64,linear,0.2,8,relu,0.0,0.6421636615811374,0.6199095022624435
64,linear,0.2,8,linear,0.1,0.6546463245492372,0.6515837104072398
64,linear,0.2,8,linear,0.05,0.665742024965326,0.6425339366515838
64,linear,0.2,8,linear,0.0,0.636615811373093,0.6244343891402715
64,linear,0.2,8,tanh,0.1,0.6532593619972261,0.6470588235294118
64,linear,0.2,8,tanh,0.05,0.6629680998613038,0.6425339366515838
64,linear,0.2,8,tanh,0.0,0.6754507628294036,0.6289592760180995
64,linear,0.2,8,sigmoid,0.1,0.3273231622746186,0.7873303167420814
64,linear,0.2,8,sigmoid,0.05,0.47295423023578365,0.7782805429864253
64,linear,0.2,8,sigmoid,0.0,0.6671289875173371,0.6380090497737556
64,linear,0.2,4,relu,0.1,0.624133148404993,0.7058823529411765
64,linear,0.2,4,relu,0.05,0.5908460471567267,0.6923076923076923
64,linear,0.2,4,relu,0.0,0.694868238557559,0.6289592760180995
64,linear,0.2,4,linear,0.1,0.6782246879334258,0.6244343891402715
64,linear,0.2,4,linear,0.05,0.6546463245492372,0.6289592760180995
64,linear,0.2,4,linear,0.0,0.6560332871012483,0.6561085972850679
64,linear,0.2,4,tanh,0.1,0.6601941747572816,0.6515837104072398
64,linear,0.2,4,tanh,0.05,0.6407766990291263,0.669683257918552
64,linear,0.2,4,tanh,0.0,0.6643550624133149,0.6425339366515838
64,linear,0.2,4,sigmoid,0.1,0.0,1.0
64,linear,0.2,4,sigmoid,0.05,0.0,1.0
64,linear,0.2,4,sigmoid,0.0,0.0,1.0
64,linear,0.1,16,relu,0.1,0.6615811373092927,0.6063348416289592
64,linear,0.1,16,relu,0.05,0.6837725381414702,0.6199095022624435
64,linear,0.1,16,relu,0.0,0.6282940360610264,0.665158371040724
64,linear,0.1,16,linear,0.1,0.6560332871012483,0.6425339366515838
64,linear,0.1,16,linear,0.05,0.6560332871012483,0.6470588235294118
64,linear,0.1,16,linear,0.0,0.6269070735090153,0.6334841628959276
64,linear,0.1,16,tanh,0.1,0.680998613037448,0.6606334841628959
64,linear,0.1,16,tanh,0.05,0.6837725381414702,0.6244343891402715
64,linear,0.1,16,tanh,0.0,0.6005547850208044,0.6199095022624435
64,linear,0.1,16,sigmoid,0.1,0.6574202496532594,0.6153846153846154
64,linear,0.1,16,sigmoid,0.05,0.6601941747572816,0.6515837104072398
64,linear,0.1,16,sigmoid,0.0,0.6796116504854369,0.6199095022624435
64,linear,0.1,8,relu,0.1,0.6449375866851595,0.6334841628959276
64,linear,0.1,8,relu,0.05,0.608876560332871,0.6606334841628959
64,linear,0.1,8,relu,0.0,0.6061026352288488,0.665158371040724
64,linear,0.1,8,linear,0.1,0.5755894590846047,0.6380090497737556
64,linear,0.1,8,linear,0.05,0.6435506241331485,0.6334841628959276
64,linear,0.1,8,linear,0.0,0.6768377253814147,0.6380090497737556
64,linear,0.1,8,tanh,0.1,0.6269070735090153,0.6289592760180995
64,linear,0.1,8,tanh,0.05,0.6560332871012483,0.6470588235294118
64,linear,0.1,8,tanh,0.0,0.6601941747572816,0.6334841628959276
64,linear,0.1,8,sigmoid,0.1,0.6601941747572816,0.6334841628959276
64,linear,0.1,8,sigmoid,0.05,0.6685159500693482,0.6425339366515838
64,linear,0.1,8,sigmoid,0.0,0.0,1.0
64,linear,0.1,4,relu,0.1,0.6380027739251041,0.6606334841628959
64,linear,0.1,4,relu,0.05,0.2510402219140083,0.8190045248868778
64,linear,0.1,4,relu,0.0,0.42857142857142855,0.7828054298642534
64,linear,0.1,4,linear,0.1,0.521497919556172,0.6334841628959276
64,linear,0.1,4,linear,0.05,0.6671289875173371,0.6289592760180995
64,linear,0.1,4,linear,0.0,0.6671289875173371,0.6515837104072398
64,linear,0.1,4,tanh,0.1,0.6102635228848821,0.6425339366515838
64,linear,0.1,4,tanh,0.05,0.6768377253814147,0.6606334841628959
64,linear,0.1,4,tanh,0.0,0.6920943134535368,0.6334841628959276
64,linear,0.1,4,sigmoid,0.1,0.521497919556172,0.7149321266968326
64,linear,0.1,4,sigmoid,0.05,0.6574202496532594,0.6561085972850679
64,linear,0.1,4,sigmoid,0.0,0.0,1.0
64,tanh,0.3,16,relu,0.1,0.680998613037448,0.6380090497737556
64,tanh,0.3,16,relu,0.05,0.6227461858529819,0.6606334841628959
64,tanh,0.3,16,relu,0.0,0.6310679611650486,0.6470588235294118
64,tanh,0.3,16,linear,0.1,0.6796116504854369,0.6470588235294118
64,tanh,0.3,16,linear,0.05,0.6726768377253814,0.6425339366515838
64,tanh,0.3,16,linear,0.0,0.6768377253814147,0.6787330316742082
64,tanh,0.3,16,tanh,0.1,0.6588072122052705,0.6470588235294118
64,tanh,0.3,16,tanh,0.05,0.6726768377253814,0.6470588235294118
64,tanh,0.3,16,tanh,0.0,0.6588072122052705,0.6470588235294118
64,tanh,0.3,16,sigmoid,0.1,0.6435506241331485,0.6561085972850679
64,tanh,0.3,16,sigmoid,0.05,0.6019417475728155,0.7013574660633484
64,tanh,0.3,16,sigmoid,0.0,0.5464632454923717,0.6515837104072398
64,tanh,0.3,8,relu,0.1,0.39667128987517336,0.7375565610859729
64,tanh,0.3,8,relu,0.05,0.29958391123439665,0.8235294117647058
64,tanh,0.3,8,relu,0.0,0.3509015256588072,0.7647058823529411
64,tanh,0.3,8,linear,0.1,0.6754507628294036,0.6289592760180995
64,tanh,0.3,8,linear,0.05,0.6615811373092927,0.6561085972850679
64,tanh,0.3,8,linear,0.0,0.6615811373092927,0.669683257918552
64,tanh,0.3,8,tanh,0.1,0.6712898751733704,0.6380090497737556
64,tanh,0.3,8,tanh,0.05,0.6532593619972261,0.6425339366515838
64,tanh,0.3,8,tanh,0.0,0.6255201109570042,0.6742081447963801
64,tanh,0.3,8,sigmoid,0.1,0.0,1.0
64,tanh,0.3,8,sigmoid,0.05,0.0,1.0
64,tanh,0.3,8,sigmoid,0.0,0.6449375866851595,0.6515837104072398
64,tanh,0.3,4,relu,0.1,0.46601941747572817,0.6923076923076923
64,tanh,0.3,4,relu,0.05,0.6560332871012483,0.6832579185520362
64,tanh,0.3,4,relu,0.0,0.6907073509015257,0.6153846153846154
64,tanh,0.3,4,linear,0.1,0.6601941747572816,0.6244343891402715
64,tanh,0.3,4,linear,0.05,0.5728155339805825,0.665158371040724
64,tanh,0.3,4,linear,0.0,0.6712898751733704,0.6289592760180995
64,tanh,0.3,4,tanh,0.1,0.6726768377253814,0.6289592760180995
64,tanh,0.3,4,tanh,0.05,0.6532593619972261,0.6380090497737556
64,tanh,0.3,4,tanh,0.0,0.5977808599167822,0.6742081447963801
64,tanh,0.3,4,sigmoid,0.1,0.0,1.0
64,tanh,0.3,4,sigmoid,0.05,0.6837725381414702,0.6425339366515838
64,tanh,0.3,4,sigmoid,0.0,0.665742024965326,0.6153846153846154
64,tanh,0.2,16,relu,0.1,0.6296809986130375,0.6787330316742082
64,tanh,0.2,16,relu,0.05,0.4868238557558946,0.669683257918552
64,tanh,0.2,16,relu,0.0,0.6879334257975035,0.6244343891402715
64,tanh,0.2,16,linear,0.1,0.6477115117891817,0.665158371040724
64,tanh,0.2,16,linear,0.05,0.665742024965326,0.6425339366515838
64,tanh,0.2,16,linear,0.0,0.6601941747572816,0.6289592760180995
64,tanh,0.2,16,tanh,0.1,0.6685159500693482,0.6334841628959276
64,tanh,0.2,16,tanh,0.05,0.6421636615811374,0.6470588235294118
64,tanh,0.2,16,tanh,0.0,0.6574202496532594,0.6470588235294118
64,tanh,0.2,16,sigmoid,0.1,0.24549237170596394,0.8687782805429864
64,tanh,0.2,16,sigmoid,0.05,0.651872399445215,0.6561085972850679
64,tanh,0.2,16,sigmoid,0.0,0.3814147018030513,0.8371040723981901
64,tanh,0.2,8,relu,0.1,0.624133148404993,0.6063348416289592
64,tanh,0.2,8,relu,0.05,0.5852981969486823,0.6832579185520362
64,tanh,0.2,8,relu,0.0,0.6380027739251041,0.6561085972850679
64,tanh,0.2,8,linear,0.1,0.6407766990291263,0.6515837104072398
64,tanh,0.2,8,linear,0.05,0.5991678224687933,0.6787330316742082
64,tanh,0.2,8,linear,0.0,0.6380027739251041,0.6380090497737556
64,tanh,0.2,8,tanh,0.1,0.6726768377253814,0.6380090497737556
64,tanh,0.2,8,tanh,0.05,0.6504854368932039,0.6561085972850679
64,tanh,0.2,8,tanh,0.0,0.6560332871012483,0.6561085972850679
64,tanh,0.2,8,sigmoid,0.1,0.6130374479889042,0.669683257918552
64,tanh,0.2,8,sigmoid,0.05,0.6477115117891817,0.6425339366515838
64,tanh,0.2,8,sigmoid,0.0,0.40499306518723993,0.8642533936651584
64,tanh,0.2,4,relu,0.1,0.5575589459084604,0.7058823529411765
64,tanh,0.2,4,relu,0.05,0.636615811373093,0.665158371040724
64,tanh,0.2,4,relu,0.0,0.6338418862690708,0.6561085972850679
64,tanh,0.2,4,linear,0.1,0.6671289875173371,0.6470588235294118
64,tanh,0.2,4,linear,0.05,0.6782246879334258,0.6334841628959276
64,tanh,0.2,4,linear,0.0,0.6074895977808599,0.6877828054298643
64,tanh,0.2,4,tanh,0.1,0.6560332871012483,0.6334841628959276
64,tanh,0.2,4,tanh,0.05,0.6851595006934813,0.6244343891402715
64,tanh,0.2,4,tanh,0.0,0.665742024965326,0.6380090497737556
64,tanh,0.2,4,sigmoid,0.1,0.0,1.0
64,tanh,0.2,4,sigmoid,0.05,0.6352288488210819,0.669683257918552
64,tanh,0.2,4,sigmoid,0.0,0.1927877947295423,0.8144796380090498
64,tanh,0.1,16,relu,0.1,0.6740638002773925,0.6199095022624435
64,tanh,0.1,16,relu,0.05,0.3828016643550624,0.755656108597285
64,tanh,0.1,16,relu,0.0,0.4091539528432732,0.7375565610859729
64,tanh,0.1,16,linear,0.1,0.6671289875173371,0.6470588235294118
64,tanh,0.1,16,linear,0.05,0.6352288488210819,0.6425339366515838
64,tanh,0.1,16,linear,0.0,0.6671289875173371,0.6153846153846154
64,tanh,0.1,16,tanh,0.1,0.6740638002773925,0.6380090497737556
64,tanh,0.1,16,tanh,0.05,0.6685159500693482,0.6380090497737556
64,tanh,0.1,16,tanh,0.0,0.6671289875173371,0.6742081447963801
64,tanh,0.1,16,sigmoid,0.1,0.0,1.0
64,tanh,0.1,16,sigmoid,0.05,0.19833564493758668,0.9230769230769231
64,tanh,0.1,16,sigmoid,0.0,0.0,1.0
64,tanh,0.1,8,relu,0.1,0.5353675450762829,0.6470588235294118
64,tanh,0.1,8,relu,0.05,0.6296809986130375,0.6334841628959276
64,tanh,0.1,8,relu,0.0,0.6629680998613038,0.669683257918552
64,tanh,0.1,8,linear,0.1,0.6435506241331485,0.6742081447963801
64,tanh,0.1,8,linear,0.05,0.6740638002773925,0.669683257918552
64,tanh,0.1,8,linear,0.0,0.6324549237170597,0.6380090497737556
64,tanh,0.1,8,tanh,0.1,0.6255201109570042,0.6561085972850679
64,tanh,0.1,8,tanh,0.05,0.6477115117891817,0.6787330316742082
64,tanh,0.1,8,tanh,0.0,0.6629680998613038,0.6470588235294118
64,tanh,0.1,8,sigmoid,0.1,0.6490984743411928,0.669683257918552
64,tanh,0.1,8,sigmoid,0.05,0.0,1.0
64,tanh,0.1,8,sigmoid,0.0,0.6477115117891817,0.6561085972850679
64,tanh,0.1,4,relu,0.1,0.6158113730929264,0.6968325791855203
64,tanh,0.1,4,relu,0.05,0.6629680998613038,0.665158371040724
64,tanh,0.1,4,relu,0.0,0.49653259361997226,0.7647058823529411
64,tanh,0.1,4,linear,0.1,0.6532593619972261,0.6380090497737556
64,tanh,0.1,4,linear,0.05,0.6615811373092927,0.6515837104072398
64,tanh,0.1,4,linear,0.0,0.5644937586685159,0.6244343891402715
64,tanh,0.1,4,tanh,0.1,0.6532593619972261,0.6470588235294118
64,tanh,0.1,4,tanh,0.05,0.6588072122052705,0.6561085972850679
64,tanh,0.1,4,tanh,0.0,0.6380027739251041,0.665158371040724
64,tanh,0.1,4,sigmoid,0.1,0.6144244105409153,0.6787330316742082
64,tanh,0.1,4,sigmoid,0.05,0.6685159500693482,0.6334841628959276
64,tanh,0.1,4,sigmoid,0.0,0.0,1.0
64,sigmoid,0.3,16,relu,0.1,0.0,1.0
64,sigmoid,0.3,16,relu,0.05,1.0,0.0
64,sigmoid,0.3,16,relu,0.0,0.6504854368932039,0.3891402714932127
64,sigmoid,0.3,16,linear,0.1,0.5977808599167822,0.6425339366515838
64,sigmoid,0.3,16,linear,0.05,0.044382801664355064,0.9773755656108597
64,sigmoid,0.3,16,linear,0.0,0.624133148404993,0.6470588235294118
64,sigmoid,0.3,16,tanh,0.1,0.0,1.0
64,sigmoid,0.3,16,tanh,0.05,0.5561719833564494,0.7239819004524887
64,sigmoid,0.3,16,tanh,0.0,0.6879334257975035,0.4072398190045249
64,sigmoid,0.3,16,sigmoid,0.1,0.0,1.0
64,sigmoid,0.3,16,sigmoid,0.05,0.0013869625520110957,1.0
64,sigmoid,0.3,16,sigmoid,0.0,0.0,1.0
64,sigmoid,0.3,8,relu,0.1,0.0,1.0
64,sigmoid,0.3,8,relu,0.05,0.0,1.0
64,sigmoid,0.3,8,relu,0.0,0.9986130374479889,0.0
64,sigmoid,0.3,8,linear,0.1,0.9916782246879334,0.013574660633484163
64,sigmoid,0.3,8,linear,0.05,0.12343966712898752,0.9140271493212669
64,sigmoid,0.3,8,linear,0.0,0.17891816920943135,0.9095022624434389
64,sigmoid,0.3,8,tanh,0.1,0.8210818307905686,0.2398190045248869
64,sigmoid,0.3,8,tanh,0.05,0.05131761442441054,0.9411764705882353
64,sigmoid,0.3,8,tanh,0.0,0.29680998613037446,0.8778280542986425
64,sigmoid,0.3,8,sigmoid,0.1,0.0,1.0
64,sigmoid,0.3,8,sigmoid,0.05,0.17614424410540916,0.9502262443438914
64,sigmoid,0.3,8,sigmoid,0.0,0.005547850208044383,1.0
64,sigmoid,0.3,4,relu,0.1,0.0,1.0
64,sigmoid,0.3,4,relu,0.05,0.0,1.0
64,sigmoid,0.3,4,relu,0.0,0.46879334257975036,0.5927601809954751
64,sigmoid,0.3,4,linear,0.1,0.4576976421636616,0.8190045248868778
64,sigmoid,0.3,4,linear,0.05,0.013869625520110958,0.9864253393665159
64,sigmoid,0.3,4,linear,0.0,0.9653259361997226,0.12217194570135746
64,sigmoid,0.3,4,tanh,0.1,0.005547850208044383,0.995475113122172
64,sigmoid,0.3,4,tanh,0.05,0.5242718446601942,0.7239819004524887
64,sigmoid,0.3,4,tanh,0.0,0.06934812760055478,0.9592760180995475
64,sigmoid,0.3,4,sigmoid,0.1,1.0,0.0
64,sigmoid,0.3,4,sigmoid,0.05,0.8765603328710125,0.22171945701357465
64,sigmoid,0.3,4,sigmoid,0.0,0.31484049930651875,0.8959276018099548
64,sigmoid,0.2,16,relu,0.1,0.0013869625520110957,1.0
64,sigmoid,0.2,16,relu,0.05,0.9986130374479889,0.0
64,sigmoid,0.2,16,relu,0.0,0.6296809986130375,0.502262443438914
64,sigmoid,0.2,16,linear,0.1,0.13592233009708737,0.8461538461538461
64,sigmoid,0.2,16,linear,0.05,1.0,0.00904977375565611
64,sigmoid,0.2,16,linear,0.0,0.9958391123439667,0.004524886877828055
64,sigmoid,0.2,16,tanh,0.1,0.0,1.0
64,sigmoid,0.2,16,tanh,0.05,0.5894590846047156,0.5475113122171946
64,sigmoid,0.2,16,tanh,0.0,0.049930651872399444,0.9547511312217195
64,sigmoid,0.2,16,sigmoid,0.1,0.0,1.0
64,sigmoid,0.2,16,sigmoid,0.05,1.0,0.0
64,sigmoid,0.2,16,sigmoid,0.0,0.18169209431345354,0.7692307692307693
64,sigmoid,0.2,8,relu,0.1,0.8640776699029126,0.13574660633484162
64,sigmoid,0.2,8,relu,0.05,0.9986130374479889,0.013574660633484163
64,sigmoid,0.2,8,relu,0.0,0.44798890429958393,0.6787330316742082
64,sigmoid,0.2,8,linear,0.1,0.030513176144244106,0.9773755656108597
64,sigmoid,0.2,8,linear,0.05,0.507628294036061,0.7330316742081447
64,sigmoid,0.2,8,linear,0.0,0.5936199722607489,0.7013574660633484
64,sigmoid,0.2,8,tanh,0.1,0.14840499306518723,0.8597285067873304
64,sigmoid,0.2,8,tanh,0.05,0.46601941747572817,0.6515837104072398
64,sigmoid,0.2,8,tanh,0.0,0.5242718446601942,0.6289592760180995
64,sigmoid,0.2,8,sigmoid,0.1,0.2926490984743412,0.8642533936651584
64,sigmoid,0.2,8,sigmoid,0.05,0.33841886269070737,0.8823529411764706
64,sigmoid,0.2,8,sigmoid,0.0,0.0,1.0
64,sigmoid,0.2,4,relu,0.1,0.03744798890429958,0.9864253393665159
64,sigmoid,0.2,4,relu,0.05,0.2565880721220527,0.8552036199095022
64,sigmoid,0.2,4,relu,0.0,0.0957004160887656,0.9592760180995475
64,sigmoid,0.2,4,linear,0.1,0.8460471567267683,0.21266968325791855
64,sigmoid,0.2,4,linear,0.05,0.5714285714285714,0.6606334841628959
64,sigmoid,0.2,4,linear,0.0,0.4812760055478502,0.751131221719457
64,sigmoid,0.2,4,tanh,0.1,0.07628294036061026,0.9140271493212669
64,sigmoid,0.2,4,tanh,0.05,0.8765603328710125,0.23529411764705882
64,sigmoid,0.2,4,tanh,0.0,0.26490984743411927,0.8506787330316742
64,sigmoid,0.2,4,sigmoid,0.1,0.0,1.0
64,sigmoid,0.2,4,sigmoid,0.05,0.4618585298196949,0.7601809954751131
64,sigmoid,0.2,4,sigmoid,0.0,0.5270457697642164,0.7420814479638009
64,sigmoid,0.1,16,relu,0.1,0.06934812760055478,0.995475113122172
64,sigmoid,0.1,16,relu,0.05,0.7045769764216366,0.38009049773755654
64,sigmoid,0.1,16,relu,0.0,0.0013869625520110957,0.995475113122172
64,sigmoid,0.1,16,linear,0.1,1.0,0.0
64,sigmoid,0.1,16,linear,0.05,0.9791955617198336,0.06334841628959276
64,sigmoid,0.1,16,linear,0.0,1.0,0.0
64,sigmoid,0.1,16,tanh,0.1,0.2843273231622746,0.8280542986425339
64,sigmoid,0.1,16,tanh,0.05,0.43411927877947293,0.7194570135746606
64,sigmoid,0.1,16,tanh,0.0,0.79750346740638,0.33031674208144796
64,sigmoid,0.1,16,sigmoid,0.1,0.0,1.0
64,sigmoid,0.1,16,sigmoid,0.05,0.14563106796116504,0.8959276018099548
64,sigmoid,0.1,16,sigmoid,0.0,0.0,1.0
64,sigmoid,0.1,8,relu,0.1,0.0651872399445215,0.9411764705882353
64,sigmoid,0.1,8,relu,0.05,1.0,0.00904977375565611
64,sigmoid,0.1,8,relu,0.0,0.986130374479889,0.049773755656108594
64,sigmoid,0.1,8,linear,0.1,0.0,1.0
64,sigmoid,0.1,8,linear,0.05,0.49375866851595007,0.6515837104072398
64,sigmoid,0.1,8,linear,0.0,0.0,0.995475113122172
64,sigmoid,0.1,8,tanh,0.1,0.9944521497919556,0.02262443438914027
64,sigmoid,0.1,8,tanh,0.05,0.7295423023578363,0.49321266968325794
64,sigmoid,0.1,8,tanh,0.0,0.6796116504854369,0.5339366515837104
64,sigmoid,0.1,8,sigmoid,0.1,0.9251040221914009,0.12669683257918551
64,sigmoid,0.1,8,sigmoid,0.05,0.0,1.0
64,sigmoid,0.1,8,sigmoid,0.0,0.09015256588072122,0.918552036199095
64,sigmoid,0.1,4,relu,0.1,0.9472954230235784,0.11764705882352941
64,sigmoid,0.1,4,relu,0.05,0.3120665742024965,0.918552036199095
